/csf2rb2/Csf2rb2_adult_S_DAB_IF334_31_20070501-1132_05_11_07/Csf2rb2_adult_S_DAB_10X_08_cryo.med.jpg, csf2rb2
/tmem35/Tmem35_adult_S_DAB_IJ223_15_20070727-0942_08_23_07/Tmem35_adult_S_DAB_10X_08_cryo.med.jpg, tmem35
/tgfb3/Tgfb3_adult_S_DAB_NG133_145_20110315-0917/Tgfb3_adult_S_DAB_10X_08_cryo.med.jpg, tgfb3
/bsx/Bsx_adult_S_DAB_NS106-CRE_43_CRE_20110812-0919/Bsx_adult_S_DAB_10X_08_cryo.med.jpg, bsx
/bsx/Bsx_adult_S_DAB_NS92-CRE_81_CRE_20110615-1047/Bsx_adult_S_DAB_10X_08_cryo.med.jpg, bsx
/bsx/Bsx_adult_S_DAB_JD98_49_20080221-1139_02_25_08/Bsx_adult_S_DAB_10X_08_cryo.med.jpg, bsx
/pvrl3/Pvrl3_adult_S_DAB_HP113_6_20060804-0122_08_10_06/Pvrl3_adult_S_DAB_10X_08_cryo.med.jpg, pvrl3
/sqle/Sqle_adult_S_DAB_IM104_21_20070823-1024_08_29_07/Sqle_adult_S_DAB_10X_08_cryo.med.jpg, sqle
/rps7/Rps7_adult_S_DAB_IA288_52_20070220-1057_07_19_07/Rps7_adult_S_DAB_10X_08_cryo.med.jpg, rps7
/hpcal4/Hpcal4_adult_S_DAB_IZ36_85_20081208-1246_01_16_08/Hpcal4_adult_S_DAB_10X_08_cryo.med.jpg, hpcal4
/cryab/Cryab_adult_S_DAB_HS240_50_20060828-0934_08_31_06/Cryab_adult_S_DAB_10X_08_cryo.med.jpg, cryab
/zfp238/Zfp238_adult_S_DAB_LW144_18_20090318-0137_06_30_09/Zfp238_adult_S_DAB_10X_08_cryo.med.jpg, zfp238
/prtg/Prtg_adult_S_DAB_HZ235_87_20070830-1026_09_14_07/Prtg_adult_S_DAB_10X_08_cryo.med.jpg, prtg
/bnip3/Bnip3_adult_S_DAB_IA142_34_20070104-1232_1_10_07/Bnip3_adult_S_DAB_10X_08_cryo.med.jpg, bnip3
/scube2/Scube2_adult_S_DAB_IG204_63_20071220-1208_01_18_08/Scube2_adult_S_DAB_10X_08_cryo.med.jpg, scube2
/scube1/Scube1_adult_S_DAB_IK89_18_20070703-1058_07_11_07/Scube1_adult_S_DAB_10X_08_cryo.med.jpg, scube1
/frat1/Frat1_adult_S_DAB_JY134_54_20080421-0121_05_02_08/Frat1_adult_S_DAB_10X_08_cryo.med.jpg, frat1
/ptger2/Ptger2_adult_S_DAB_SC30-CRE_79_CRE_20110707-0908/Ptger2_adult_S_DAB_10X_08_cryo.med.jpg, ptger2
/snhg11/A930034L06Rik_adult_S_DAB_HY255_19_20070111-0124_01_19_07/A930034L06Rik_adult_S_DAB_10X_08_cryo.med.jpg, snhg11
/tnfrsf19/Tnfrsf19_adult_S_DAB_LW86_32_20090508-1150_08_04_09/Tnfrsf19_adult_S_DAB_10X_08_cryo.med.jpg, tnfrsf19
/aqp4/Aqp4_adult_S_DAB_NI19_63_20100311-1218_05_04_10/Aqp4_adult_S_DAB_10X_08_cryo.med.jpg, aqp4
/tmem90a/Tmem90a_adult_S_DAB_LE39_65_20081219-0932_06_12_09/Tmem90a_adult_S_DAB_10X_08_cryo.med.jpg, tmem90a
/steap2/Steap2_adult_S_DAB_MC48_83_20101216/Steap2_adult_S_DAB_10X_08_cryo.med.jpg, steap2
/pcp2/Pcp2_adult_S_DAB_PK9-TOM_81_20110805-1021/Pcp2_adult_S_DAB_10X_08_cryo.med.jpg, pcp2
/pcp2/Pcp2_adult_S_DAB_GN135_222_CRE_20101015-0934/Pcp2_adult_S_DAB_10X_08_cryo.med.jpg, pcp2
/pcp2/Pcp2_adult_S_DAB_PK9-TOM_76_20101222-1024/Pcp2_adult_S_DAB_10X_08_cryo.med.jpg, pcp2
/myc/Myc_adult_S_DAB_KT224_69_20090508-1150_12_03_09/Myc_adult_S_DAB_10X_08_cryo.med.jpg, myc
/arl6ip1/Arl6ip1_adult_S_DAB_IL391_2_20070827-1255_08_28_07/Arl6ip1_adult_S_DAB_10X_08_cryo.med.jpg, arl6ip1
/prkcq/Prkcq_adult_S_DAB_IM145_12_20070802-0210_08_23_07/Prkcq_adult_S_DAB_10X_08_cryo.med.jpg, prkcq
/ptprc/Ptprc_adult_S_DAB_JA52_81_20080512-0309_05_16_08/Ptprc_adult_S_DAB_10X_08_cryo.med.jpg, ptprc
/ptprc/Ptprc_adult_S_DAB_NM130-CRE_2_CRE_20110628-0315/Ptprc_adult_S_DAB_10X_08_cryo.med.jpg, ptprc
/ptprc/Ptprc_adult_S_DAB_NM127-CRE_14_CRE_20110310-0835/Ptprc_adult_S_DAB_10X_08_cryo.med.jpg, ptprc
/pdzk1ip1/Pdzk1ip1_adult_S_DAB_KD27_32_CRE_20101028-1105/Pdzk1ip1_adult_S_DAB_10X_08_cryo.med.jpg, pdzk1ip1
/pdzk1ip1/Pdzk1ip1_adult_S_DAB_KD31_11_CRE_20090903-1031_12_10_09/Pdzk1ip1_adult_S_DAB_10X_08_cryo.med.jpg, pdzk1ip1
/slc6a5/Slc6a5_adult_S_DAB_KF109_45_CRE_20110502-0953/Slc6a5_adult_S_DAB_10X_08_cryo.med.jpg, slc6a5
/slc6a5/Slc6a5_adult_S_DAB_KF91_329_CRE_20110315-0324/Slc6a5_adult_S_DAB_10X_08_cryo.med.jpg, slc6a5
/six6/Six6_adult_S_DAB_IF290_74_20090206-1132_03_13_09/Six6_adult_S_DAB_10X_08_cryo.med.jpg, six6
/hoxd10/Hoxd10_adult_S_DAB_LT174_20_20090417-1236_06_30_09/Hoxd10_adult_S_DAB_10X_08_cryo.med.jpg, hoxd10
/nmbr/Nmbr_adult_S_DAB_JG22_14_20080411-1137_04_25_08/Nmbr_adult_S_DAB_10X_08_cryo.med.jpg, nmbr
/pcnt/Pcnt_adult_S_DAB_HR166_27_20060928-1244_10_06_06/Pcnt_adult_S_DAB_10X_08_cryo.med.jpg, pcnt
/fabp3/Fabp3_adult_S_DAB_KR262_16_20090306-1036_06_02_09/Fabp3_adult_S_DAB_10X_08_cryo.med.jpg, fabp3
/six3/Six3_adult_S_DAB_OF35_55_20100416-1259_06_29_10/Six3_adult_S_DAB_10X_08_cryo.med.jpg, six3
/osbpl1a/Osbpl1a_adult_S_DAB_OW8-CRE_151_CRE_20110527-0852/Osbpl1a_adult_S_DAB_10X_08_cryo.med.jpg, osbpl1a
/osbpl1a/Osbpl1a_adult_S_DAB_OW20-CRE_58_CRE_20110527-1214/Osbpl1a_adult_S_DAB_10X_08_cryo.med.jpg, osbpl1a
/abl2/Abl2_adult_S_DAB_HV66_9_20060831-0156_Done_YW/Abl2_adult_S_DAB_10X_08_cryo.med.jpg, abl2
/cxcr7/Cxcr7_adult_S_DAB_HE28_91_20061129-1046_12_05_06/Cxcr7_adult_S_DAB_10X_08_cryo.med.jpg, cxcr7
/gpr165/Gpr165_adult_S_DAB_LK55_91_20091105-1246_11_12_09/Gpr165_adult_S_DAB_10X_08_cryo.med.jpg, gpr165
/fev/Fev_adult_S_DAB_MT45_7_20090904-0931_12_03_09/Fev_adult_S_DAB_10X_08_cryo.med.jpg, fev
/prnp/Prnp_adult_S_DAB_IX28_60_20080303-1133_04_04_08/Prnp_adult_S_DAB_10X_08_cryo.med.jpg, prnp
/cdk5r2/Cdk5r2_adult_S_DAB_KZ220_63_20090305-1138_06_02_09/Cdk5r2_adult_S_DAB_10X_08_cryo.med.jpg, cdk5r2
/ablim2/Ablim2_adult_S_DAB_KX71_3_20081210-1115_01_23_09/Ablim2_adult_S_DAB_10X_08_cryo.med.jpg, ablim2
/dlk1/Dlk1_adult_S_DAB_LA118_22_20081203-1046_23_12_08/Dlk1_adult_S_DAB_10X_08_cryo.med.jpg, dlk1
/eps8l2/Eps8l2_adult_S_DAB_LY20_15_20090622-0957_09_29_09/Eps8l2_adult_S_DAB_10X_08_cryo.med.jpg, eps8l2
/etv5/Etv5_adult_S_DAB_IH16_36_20080602-1230_06_20_08/Etv5_adult_S_DAB_10X_08_cryo.med.jpg, etv5
/gpr155/Gpr155_adult_S_DAB_PF60_16_20101014-0924_11_22_08/Gpr155_adult_S_DAB_10X_08_cryo.med.jpg, gpr155
/gpr151/Gpr151_adult_S_DAB_KS142_56_20090108-0239_01_23_09/Gpr151_adult_S_DAB_10X_08_cryo.med.jpg, gpr151
/fkbp1b/Fkbp1b_adult_S_DAB_QT127_18_20110327-1147/Fkbp1b_adult_S_DAB_10X_08_cryo.med.jpg, fkbp1b
/grpr/Grpr_adult_S_DAB_PZ62_25_20110110-1215/Grpr_adult_S_DAB_10X_08_cryo.med.jpg, grpr
/slc6a3/Slc6a3_adult_S_DAB_JN119_72_20080527-1157_06_06_08/Slc6a3_adult_S_DAB_10X_08_cryo.med.jpg, slc6a3
/wif1/Wif1_adult_S_DAB_OB82_163_20100624-0204_07_28_10/Wif1_adult_S_DAB_10X_08_cryo.med.jpg, wif1
/skor2/Skor2_adult_S_DAB_PX78_6_20101006-0918_12_16_10/Skor2_adult_S_DAB_10X_08_cryo.med.jpg, skor2
/cartpt/Cartpt_adult_S_DAB_KT69_111_20090615-1115_01_20_10/Cartpt_adult_S_DAB_10X_08_cryo.med.jpg, cartpt
/msx1/Msx1_adult_S_DAB_LS57_7_20090317-1003_08_04_09/Msx1_adult_S_DAB_10X_08_cryo.med.jpg, msx1
/dhcr24/Dhcr24_adult_S_DAB_LK95_13_20090512-0920_09_22_09/Dhcr24_adult_S_DAB_10X_08_cryo.med.jpg, dhcr24
/snap91/Snap91_adult_S_DAB_IH371_17_20070606-1014_07_19_07/Snap91_adult_S_DAB_10X_08_cryo.med.jpg, snap91
/pgrmc1/Pgrmc1_adult_S_DAB_HJ118_80_20080604-1253_06_20_08/Pgrmc1_adult_S_DAB_10X_08_cryo.med.jpg, pgrmc1
/podxl2/Podxl2_adult_S_DAB_IE372_2_20070212-1230_02_16_07/Podxl2_adult_S_DAB_10X_08_cryo.med.jpg, podxl2
/9430020k01rik/9430020K01Rik_adult_S_DAB_JL69_13_20080131-1134_02_27_08/9430020K01Rik_adult_S_DAB_10X_08_cryo.med.jpg, 9430020k01rik
/ppp2r5b/Ppp2r5b_adult_S_DAB_NX3_60_20100910-1000_12_16_10/Ppp2r5b_adult_S_DAB_10X_08_cryo.med.jpg, ppp2r5b
/plxdc1/Plxdc1_adult_S_DAB_JX125_114_20081111-1019_23_12_08/Plxdc1_adult_S_DAB_10X_08_cryo.med.jpg, plxdc1
/kctd4/Kctd4_adult_S_DAB_IB253_90_20071015-1036_10_26_07/Kctd4_adult_S_DAB_10X_08_cryo.med.jpg, kctd4
/ptpn3/Ptpn3_adult_S_DAB_NX106_45_20110110-1215/Ptpn3_adult_S_DAB_10X_08_cryo.med.jpg, ptpn3
/bcan/Bcan_adult_S_DAB_JZ76_12_20080411-1137_05_02_08/Bcan_adult_S_DAB_10X_08_cryo.med.jpg, bcan
/ptpn5/Ptpn5_adult_S_DAB_HN83_106_20060804-0123_08_10_06/Ptpn5_adult_S_DAB_10X_08_cryo.med.jpg, ptpn5
/epyc/Epyc_adult_S_DAB_KR363_57_CRE_20110309-0926/Epyc_adult_S_DAB_10X_08_cryo.med.jpg, epyc
/fxyd7/Fxyd7_adult_S_DAB_JR145_13_20080625-1212_07_11_08/Fxyd7_adult_S_DAB_10X_08_cryo.med.jpg, fxyd7
/mt2/Mt2_adult_S_DAB_QK37_20_20110223-1223/Mt2_adult_S_DAB_10X_08_cryo.med.jpg, mt2
/neurod4/Neurod4_adult_S_DAB_OU98-CRE_100_CRE_20110506-1049/Neurod4_adult_S_DAB_10X_08_cryo.med.jpg, neurod4
/lrrn2/Lrrn2_adult_S_DAB_QY47_22_20110225-0935_2011_04_20/Lrrn2_adult_S_DAB_10X_08_cryo.med.jpg, lrrn2
/atg4c/Atg4c_adult_S_DAB_IA107_73_20070829-0939_09_14_07/Atg4c_adult_S_DAB_10X_08_cryo.med.jpg, atg4c
/b3galt2/B3galt2_adult_S_DAB_LO208_28_20090512-0921_06_30_09/B3galt2_adult_S_DAB_10X_08_cryo.med.jpg, b3galt2
/cacna1h/Cacna1h_adult_S_DAB_NC225_23_20100322-0103_06_02_10/Cacna1h_adult_S_DAB_10X_08_cryo.med.jpg, cacna1h
/cacna1i/Cacna1i_adult_S_DAB_PZ52_14_20101201-0926/Cacna1i_adult_S_DAB_10X_08_cryo.med.jpg, cacna1i
/adcy1/Adcy1_adult_S_DAB_JS52_24_20080125-1221_02_05_08/Adcy1_adult_S_DAB_10X_08_cryo.med.jpg, adcy1
/neurod1/Neurod1_adult_S_DAB_RZ24-CRE_63_CRE_20110718-0915/Neurod1_adult_S_DAB_10X_08_cryo.med.jpg, neurod1
/slc6a4/Slc6a4_adult_S_DAB_ET127_26_CRE_20110519-0935/Slc6a4_adult_S_DAB_10X_08_cryo.med.jpg, slc6a4
/slc6a4/Slc6a4_adult_S_DAB_JP55_44_20080702-0206_07_11_08/Slc6a4_adult_S_DAB_10X_08_cryo.med.jpg, slc6a4
/slc6a4/Slc6a4_adult_S_DAB_EZ13_211_CRE_20110302-1000/Slc6a4_adult_S_DAB_10X_08_cryo.med.jpg, slc6a4
/slc6a4/Slc6a4_adult_S_DAB_ET33_87_CRE_20100528-1045/Slc6a4_adult_S_DAB_10X_08_cryo.med.jpg, slc6a4
/coch/Coch_adult_S_DAB_IH357_58_20071219-115002_02_15_08/Coch_adult_S_DAB_10X_08_cryo.med.jpg, coch
/aldh7a1/Aldh7a1_adult_S_DAB_JA59_20_20071219-1153_1_11_08/Aldh7a1_adult_S_DAB_10X_08_cryo.med.jpg, aldh7a1
/nkx2-1/Titf1_adult_S_DAB_HI199_50_20060814-1045_08_16_06/Titf1_adult_S_DAB_10X_08_cryo.med.jpg, nkx2-1
/islr2/Islr2_adult_S_DAB_IB279_36_20070321-0102_04_05_07/Islr2_adult_S_DAB_10X_08_cryo.med.jpg, islr2
/gpr101/Gpr101_adult_S_DAB_NH34_55_20100225-1105_05_26_10/Gpr101_adult_S_DAB_10X_08_cryo.med.jpg, gpr101
/bhlhe40/Bhlhe40_adult_S_DAB_PX84_26_20101223-0907/Bhlhe40_adult_S_DAB_10X_08_cryo.med.jpg, bhlhe40
/agtpbp1/Agtpbp1_adult_S_DAB_OI30_48_20110319-0949/Agtpbp1_adult_S_DAB_10X_08_cryo.med.jpg, agtpbp1
/gpsm1/Gpsm1_adult_S_DAB_IC29_20_20070214-1248_02_16_07/Gpsm1_adult_S_DAB_10X_08_cryo.med.jpg, gpsm1
/grm4/Grm4_adult_S_DAB_HY216_19_20061120-0201_11_29_06/Grm4_adult_S_DAB_10X_08_cryo.med.jpg, grm4
/grm2/Grm2_adult_S_DAB_MR90-CRE_51_CRE_20100928-1013/Grm2_adult_S_DAB_10X_08_cryo.med.jpg, grm2
/grm2/Grm2_adult_S_DAB_MR89-CRE_38_CRE_20100924-0942/Grm2_adult_S_DAB_10X_08_cryo.med.jpg, grm2
/lgals9/Lgals9_adult_S_DAB_JF66_64_20080513-1148_05_23_08/Lgals9_adult_S_DAB_10X_08_cryo.med.jpg, lgals9
/lgals3/Lgals3_adult_S_DAB_JE193_11_20080226-1038_04_25_08/Lgals3_adult_S_DAB_10X_08_cryo.med.jpg, lgals3
/lgals1/Lgals1_adult_S_DAB_OA32_179_20110713-0153/Lgals1_adult_S_DAB_10X_08_cryo.med.jpg, lgals1
/lrrk2/Lrrk2_adult_S_DAB_KJ162_29_20080717-0320_08_01_08/Lrrk2_adult_S_DAB_10X_08_cryo.med.jpg, lrrk2
/ucn3/Ucn3_adult_S_DAB_KF31_45_CRE_20110304-0904/Ucn3_adult_S_DAB_10X_08_cryo.med.jpg, ucn3
/ucn3/Ucn3_adult_S_DAB_HY36_39_20070112-1223_02_02_07/Ucn3_adult_S_DAB_10X_08_cryo.med.jpg, ucn3
/nars/Nars_adult_S_DAB_IM424_74_20080110-1208_02_22_08/Nars_adult_S_DAB_10X_08_cryo.med.jpg, nars
/sox14/Sox14_adult_S_DAB_HN1_47_20060812-0933_08_16_06/Sox14_adult_S_DAB_10X_08_cryo.med.jpg, sox14
/sox11/Sox11_adult_S_DAB_IC111_32_20070907-0943_10_05_07/Sox11_adult_S_DAB_10X_08_cryo.med.jpg, sox11
/sertad4/Sertad4_adult_S_DAB_PZ79_29_20110620-0939/Sertad4_adult_S_DAB_10X_08_cryo.med.jpg, sertad4
/efr3a/C920006C10Rik_adult_S_DAB_HV155_10_20060825-1251_08_31_06/C920006C10Rik_adult_S_DAB_10X_08_cryo.med.jpg, efr3a
/serpinb6a/Serpinb6a_adult_S_DAB_MA267_9_20100128-1045_02_03_10/Serpinb6a_adult_S_DAB_10X_08_cryo.med.jpg, serpinb6a
/kremen1/Kremen1_adult_S_DAB_JP132_16_20081223-0954_03_05_08/Kremen1_adult_S_DAB_10X_08_cryo.med.jpg, kremen1
/eif1/Eif1_adult_S_DAB_LC125_41_20100827-1000_09_23_10/Eif1_adult_S_DAB_10X_08_cryo.med.jpg, eif1
/rxfp3/Rxfp3_adult_S_DAB_IL70_78_20080115-1120_01_25_08/Rxfp3_adult_S_DAB_10X_08_cryo.med.jpg, rxfp3
/card6/Card6_adult_S_DAB_HV22_73_20061213-0943_01_19_07/Card6_adult_S_DAB_10X_08_cryo.med.jpg, card6
/laptm4b/Laptm4b_adult_S_DAB_LR91_144_20100730-1236_09_14_10/Laptm4b_adult_S_DAB_10X_08_cryo.med.jpg, laptm4b
/th/Th_adult_S_DAB_PK59-TOM_8_20101222-1022/Th_adult_S_DAB_10X_08_cryo.med.jpg, th
/th/Th_adult_S_DAB_FI172_251_CRE_20110302-1015/Th_adult_S_DAB_10X_08_cryo.med.jpg, th
/tubb3/Tubb3_adult_S_DAB_IB13_23_20070209-1011_02_16_07/Tubb3_adult_S_DAB_10X_08_cryo.med.jpg, tubb3
/rac1/Rac1_adult_S_DAB_JZ33_14_20080410-0117_07_25_08/Rac1_adult_S_DAB_10X_08_cryo.med.jpg, rac1
/rac3/Rac3_adult_S_DAB_JZ58_97_20090206-1133_03_24_09/Rac3_adult_S_DAB_10X_08_cryo.med.jpg, rac3
/ddr1/Ddr1_adult_S_DAB_JD143_238_20081205-1238_03_20_09/Ddr1_adult_S_DAB_10X_08_cryo.med.jpg, ddr1
/napb/Napb_adult_S_DAB_KO216_18_20081030-0159_10_06_08/Napb_adult_S_DAB_10X_08_cryo.med.jpg, napb
/gpm6a/Gpm6a_adult_S_DAB_HS183_28_20060818-1134_08_24_06/Gpm6a_adult_S_DAB_10X_08_cryo.med.jpg, gpm6a
/sim1/Sim1_adult_S_DAB_KJ18_29_CRE_20110323-0905/Sim1_adult_S_DAB_10X_08_cryo.med.jpg, sim1
/sim1/Sim1_adult_S_DAB_KJ21_48_CRE_20100914-0920/Sim1_adult_S_DAB_10X_08_cryo.med.jpg, sim1
/fcer1g/Fcer1g_adult_S_DAB_HY299_16_20061127-1043_11_29_06/Fcer1g_adult_S_DAB_10X_08_cryo.med.jpg, fcer1g
/avpr1b/Avpr1b_adult_S_DAB_QD23_148_20101124/Avpr1b_adult_S_DAB_10X_08_cryo.med.jpg, avpr1b
/avpr1a/Avpr1a_adult_S_DAB_KT87_44_20090122-1053_03_05_08/Avpr1a_adult_S_DAB_10X_08_cryo.med.jpg, avpr1a
/sv2a/Sv2a_adult_S_DAB_JS31_69_20090302-0928_03_24_09/Sv2a_adult_S_DAB_10X_08_cryo.med.jpg, sv2a
/nefm/Nefm_adult_S_DAB_JA40_124_20080718-1125_07_25_08/Nefm_adult_S_DAB_10X_08_cryo.med.jpg, nefm
/zwint/Zwint_adult_S_DAB_HU145_42_20070125-1046_02_02_07/Zwint_adult_S_DAB_10X_08_cryo.med.jpg, zwint
/pcbd1/Pcbd1_adult_S_DAB_IJ269_172_20080530-1147_06_06_08/Pcbd1_adult_S_DAB_10X_08_cryo.med.jpg, pcbd1
/rhoa/Rhoa_adult_S_DAB_MZ80_8_20100310-1207_05_11_10/Rhoa_adult_S_DAB_10X_08_cryo.med.jpg, rhoa
/plcxd2/Plcxd2_adult_S_DAB_NT66_11_20100218-0100_02_26_10/Plcxd2_adult_S_DAB_10X_08_cryo.med.jpg, plcxd2
/rhou/Rhou_adult_S_DAB_HN21_106_20081027-1252_11_14_08/Rhou_adult_S_DAB_10X_08_cryo.med.jpg, rhou
/ntng2/Ntng2_adult_S_DAB_HF160_103_20061129-1046_11_30_06/Ntng2_adult_S_DAB_10X_08_cryo.med.jpg, ntng2
/phox2a/Phox2a_adult_S_DAB_JH141_21_20080908-1213_09_19_08/Phox2a_adult_S_DAB_10X_08_cryo.med.jpg, phox2a
/rhob/Rhob_adult_S_DAB_NG172_54_20110112-1143/Rhob_adult_S_DAB_10X_08_cryo.med.jpg, rhob
/phox2b/Phox2b_adult_S_DAB_NP110-CRE_133_CRE_20101021-1119/Phox2b_adult_S_DAB_10X_08_cryo.med.jpg, phox2b
/phox2b/Phox2b_adult_S_DAB_JX101_137_20081202-1007_23_12_08/Phox2b_adult_S_DAB_10X_08_cryo.med.jpg, phox2b
/crip2/Crip2_adult_S_DAB_KQ28_13_20080703-0954_07_11_08/Crip2_adult_S_DAB_10X_08_cryo.med.jpg, crip2
/cdc45/Cdc45_adult_S_DAB_NJ81_117_20100810-0934_09_14_10/Cdc45_adult_S_DAB_10X_08_cryo.med.jpg, cdc45
/galnt9/Galnt9_adult_S_DAB_IH476_76_20071015-1038_10_26_07/Galnt9_adult_S_DAB_10X_08_cryo.med.jpg, galnt9
/arhgdib/Arhgdib_adult_S_DAB_KY11_5_20081205-1237_06_02_09/Arhgdib_adult_S_DAB_10X_08_cryo.med.jpg, arhgdib
/fhdc1/Fhdc1_adult_S_DAB_SB102_26_20110713-0153/Fhdc1_adult_S_DAB_10X_08_cryo.med.jpg, fhdc1
/tgif1/Tgif_adult_S_DAB_IS21_62_20080328-1136_04_04_08/Tgif_adult_S_DAB_10X_08_cryo.med.jpg, tgif1
/elfn1/Elfn1_adult_S_DAB_OC35_13_20100916-1056_01_04_10/Elfn1_adult_S_DAB_10X_08_cryo.med.jpg, elfn1
/vipr2/Vipr2_adult_S_DAB_KH234_39_CRE_20110519-0936/Vipr2_adult_S_DAB_10X_08_cryo.med.jpg, vipr2
/vipr2/Vipr2_adult_S_DAB_HR133_45_20061103-0146_11_16_06/Vipr2_adult_S_DAB_10X_08_cryo.med.jpg, vipr2
/moxd1/Moxd1_adult_S_DAB_ND125_105_20100402-1124_05_26_10/Moxd1_adult_S_DAB_10X_08_cryo.med.jpg, moxd1
/vdac2/Vdac2_adult_S_DAB_JO20_78_20090223-1231_03_20_09/Vdac2_adult_S_DAB_10X_08_cryo.med.jpg, vdac2
/ntf3/Ntf3_adult_S_DAB_NF145_44_20110323-0209/Ntf3_adult_S_DAB_10X_08_cryo.med.jpg, ntf3
/plagl1/Plagl1_adult_S_DAB_MH26_63_20090921-1227_10_28_09/Plagl1_adult_S_DAB_10X_08_cryo.med.jpg, plagl1
/rapgef3/Rapgef3_adult_S_DAB_NF63_10_20100322-0106_05_04_10/Rapgef3_adult_S_DAB_10X_08_cryo.med.jpg, rapgef3
/dzip1/Dzip1_adult_S_DAB_HZ134_62_20080617-1003_08_21_08/Dzip1_adult_S_DAB_10X_08_cryo.med.jpg, dzip1
/cdc27/Cdc27_adult_S_DAB_IJ43_60_20080514-1142_05_23_08/Cdc27_adult_S_DAB_10X_08_cryo.med.jpg, cdc27
/agtr1a/Agtr1a_adult_S_DAB_NZ44_10_20100204-0235_03_10_10/Agtr1a_adult_S_DAB_10X_08_cryo.med.jpg, agtr1a
/kank4/Kank4_adult_S_DAB_KN116_3_20080721-0246_08_01_08/Kank4_adult_S_DAB_10X_08_cryo.med.jpg, kank4
/flrt1/Flrt1_adult_S_DAB_IM472_52_20071206-1137_02_01_08/Flrt1_adult_S_DAB_10X_08_cryo.med.jpg, flrt1
/crim1/Crim1_adult_S_DAB_LA7_9_20081007-1255_10_17_08/Crim1_adult_S_DAB_10X_08_cryo.med.jpg, crim1
/vdac1/Vdac1_adult_S_DAB_JF127_58_20080527-1156_06_06_08/Vdac1_adult_S_DAB_10X_08_cryo.med.jpg, vdac1
/lrp3/Lrp3_adult_S_DAB_QH28_18_20101220-0925/Lrp3_adult_S_DAB_10X_08_cryo.med.jpg, lrp3
/lrp2/Lrp2_adult_S_DAB_FM334_86_20080814-1234_09_12_08/Lrp2_adult_S_DAB_10X_08_cryo.med.jpg, lrp2
/trnp1/Trnp1_adult_S_DAB_PU26_26_20101006-0908_11_01_10/Trnp1_adult_S_DAB_10X_08_cryo.med.jpg, trnp1
/cldn2/Cldn2_adult_S_DAB_OU78_3_20100930-1146_01_04_10/Cldn2_adult_S_DAB_10X_08_cryo.med.jpg, cldn2
/cldn1/Cldn1_adult_S_DAB_OR95_59_20101209-1045/Cldn1_adult_S_DAB_10X_08_cryo.med.jpg, cldn1
/wscd1/Wscd1_adult_S_DAB_OC82_15_20100910-1000_10_15_10/Wscd1_adult_S_DAB_10X_08_cryo.med.jpg, wscd1
/rraga/Rraga_adult_S_DAB_HR49_21_20060928-1244_10_06_06/Rraga_adult_S_DAB_10X_08_cryo.med.jpg, rraga
/mdh1/Mdh1_adult_S_DAB_KR498_11_20080829-1157_01_23_09/Mdh1_adult_S_DAB_10X_08_cryo.med.jpg, mdh1
/sulf2/Sulf2_adult_S_DAB_HQ3_54_20061211-1221_01_08_07/Sulf2_adult_S_DAB_10X_08_cryo.med.jpg, sulf2
/klf13/Klf13_adult_S_DAB_IN87_14_20070809-1028_08_27_07/Klf13_adult_S_DAB_10X_08_cryo.med.jpg, klf13
/klf10/Klf10_adult_S_DAB_HP11_50_20061002-1032_10_06_06/Klf10_adult_S_DAB_10X_08_cryo.med.jpg, klf10
/nr4a2/Nr4a2_adult_S_DAB_QU31_85_20110301-0932/Nr4a2_adult_S_DAB_10X_08_cryo.med.jpg, nr4a2
/selm/Selm_adult_S_DAB_NE35_18_20100519-1012_09_23_10/Selm_adult_S_DAB_10X_08_cryo.med.jpg, selm
/oxtr/Oxtr_adult_S_DAB_ON66-CRE_57_CRE_20110606-0152/Oxtr_adult_S_DAB_10X_08_cryo.med.jpg, oxtr
/nr4a3/Nr4a3_adult_S_DAB_ND47_183_20100216-0232_03_10_10/Nr4a3_adult_S_DAB_10X_08_cryo.med.jpg, nr4a3
/ramp3/Ramp3_adult_S_DAB_HR106_16_20061129-1043_01_26_07/Ramp3_adult_S_DAB_10X_08_cryo.med.jpg, ramp3
/grin1/Grin1_adult_S_DAB_OH37_27_20100922-0908_10_26_10/Grin1_adult_S_DAB_10X_08_cryo.med.jpg, grin1
/neto2/Neto2_adult_S_DAB_PS83_73_20110420-1232/Neto2_adult_S_DAB_10X_08_cryo.med.jpg, neto2
/gabarapl1/Gabarapl1_adult_S_DAB_KY110_11_20081126-1043_03_05_08/Gabarapl1_adult_S_DAB_10X_08_cryo.med.jpg, gabarapl1
/olfml2b/Olfml2b_adult_S_DAB_NW75_2_20100301-0155_03_10_10/Olfml2b_adult_S_DAB_10X_08_cryo.med.jpg, olfml2b
/dctn1/Dctn1_adult_S_DAB_LT120_37_20090424-1239_06_12_09/Dctn1_adult_S_DAB_10X_08_cryo.med.jpg, dctn1
/me2/Me2_adult_S_DAB_PE215_79_20110105-1142/Me2_adult_S_DAB_10X_08_cryo.med.jpg, me2
/c130060k24rik/C130060K24Rik_adult_S_DAB_QC14_9_20101118-0158/C130060K24Rik_adult_S_DAB_10X_08_cryo.med.jpg, c130060k24rik
/ttr/Ttr_adult_S_DAB_NE84_6_20100219-1149_05_12_10/Ttr_adult_S_DAB_10X_08_cryo.med.jpg, ttr
/4930572j05rik/4930572J05Rik_adult_S_DAB_MD16_16_20090415-1131_06_02_09/4930572J05Rik_adult_S_DAB_10X_08_cryo.med.jpg, 4930572j05rik
/tppp3/2700055K07Rik_adult_S_DAB_HF251_34_20061006-1059_10_12_06/2700055K07Rik_adult_S_DAB_10X_08_cryo.med.jpg, tppp3
/sfrp4/Sfrp4_adult_S_DAB_IH259_24_20070802-0210_08_28_07/Sfrp4_adult_S_DAB_10X_08_cryo.med.jpg, sfrp4
/gchfr/Gchfr_adult_S_DAB_KU71_33_20081203-1046_23_12_08/Gchfr_adult_S_DAB_10X_08_cryo.med.jpg, gchfr
/sfrp5/Sfrp5_adult_S_DAB_KJ119_12_20080609-0143_06_20_08/Sfrp5_adult_S_DAB_10X_08_cryo.med.jpg, sfrp5
/gng7/Gng7_adult_S_DAB_KH67_38_CRE_20100901-1213/Gng7_adult_S_DAB_10X_08_cryo.med.jpg, gng7
/gng7/Gng7_adult_S_DAB_KH71_7_CRE_20090615-1117_12_10_09/Gng7_adult_S_DAB_10X_08_cryo.med.jpg, gng7
/gng4/Gng4_adult_S_DAB_HK227_16_20060825-1257_10_12_06/Gng4_adult_S_DAB_10X_08_cryo.med.jpg, gng4
/capns1/Capns1_adult_S_DAB_JM95_43_20080321-0256_04_18_08/Capns1_adult_S_DAB_10X_08_cryo.med.jpg, capns1
/sprn/Sprn_adult_S_DAB_HX177_13_20061117-0100_11_21_06/Sprn_adult_S_DAB_10X_08_cryo.med.jpg, sprn
/sfrp2/Sfrp2_adult_S_DAB_LE120_83_20100209-1136_05_26_10/Sfrp2_adult_S_DAB_10X_08_cryo.med.jpg, sfrp2
/vamp2/Vamp2_adult_S_DAB_LO335_68_20090316-0130_09_22_09/Vamp2_adult_S_DAB_10X_08_cryo.med.jpg, vamp2
/ndufv2/Ndufv2_adult_S_DAB_KJ337_20_20090507-0133_09_22_09/Ndufv2_adult_S_DAB_10X_08_cryo.med.jpg, ndufv2
/trf/Trf_adult_S_DAB_IF181_12_20070606-1006_08_16_07/Trf_adult_S_DAB_10X_08_cryo.med.jpg, trf
/grid2ip/Grid2ip_adult_S_DAB_IB243_20_20061214-1003_01_19_07/Grid2ip_adult_S_DAB_10X_08_cryo.med.jpg, grid2ip
/dnajc12/Dnajc12_adult_S_DAB_NB148_4_20100212-0501_04_07_10/Dnajc12_adult_S_DAB_10X_08_cryo.med.jpg, dnajc12
/tubb4b/Tubb2c_adult_S_DAB_LB59_16_20090224-0930_06_12_09/Tubb2c_adult_S_DAB_10X_08_cryo.med.jpg, tubb4b
/ednrb/Ednrb_adult_S_DAB_NR24-CRE_53_CRE_20110323-0905/Ednrb_adult_S_DAB_10X_08_cryo.med.jpg, ednrb
/akap5/Akap5_adult_S_DAB_LR243_71_20101119/Akap5_adult_S_DAB_10X_08_cryo.med.jpg, akap5
/lypd1/Lypd1_adult_S_DAB_SE5-CRE_177_CRE_20110615-0832/Lypd1_adult_S_DAB_10X_08_cryo.med.jpg, lypd1
/lypd1/Lypd1_adult_S_DAB_NR149-CRE_79_CRE_20110215-0917/Lypd1_adult_S_DAB_10X_08_cryo.med.jpg, lypd1
/dact2/Dact2_adult_S_DAB_LY173_19_20100520-1012_09_11_10/Dact2_adult_S_DAB_10X_08_cryo.med.jpg, dact2
/drd1a/Drd1a_adult_S_DAB_EY262_97_CRE_20101103-1014/Drd1a_adult_S_DAB_10X_08_cryo.med.jpg, drd1a
/drd1a/Drd1a_adult_S_DAB_EY266_226_CRE_20110428-0408/Drd1a_adult_S_DAB_10X_08_cryo.med.jpg, drd1a
/drd1a/Drd1a_adult_S_DAB_EY217_230_CRE_20110428-0408/Drd1a_adult_S_DAB_10X_08_cryo.med.jpg, drd1a
/zfp532/Zfp532_adult_S_DAB_IG45_35_20090223-1230_03_20_09/Zfp532_adult_S_DAB_10X_08_cryo.med.jpg, zfp532
/spp1/Spp1_adult_S_DAB_PD43_5_20101103-1140/Spp1_adult_S_DAB_10X_08_cryo.med.jpg, spp1
/uncx/Uncx_adult_S_DAB_JH72_57_20090504-1202_08_04_09/Uncx_adult_S_DAB_10X_08_cryo.med.jpg, uncx
/iqsec3/Iqsec3_adult_S_DAB_JA8_48_20080602-1229_06_20_08/Iqsec3_adult_S_DAB_10X_08_cryo.med.jpg, iqsec3
/fkbp3/Fkbp3_adult_S_DAB_KU36_9_20090226-1238_03_20_09/Fkbp3_adult_S_DAB_10X_08_cryo.med.jpg, fkbp3
/avp/Avp_adult_S_DAB_QZ20-CRE_8_CRE_20101222-1024/Avp_adult_S_DAB_10X_08_cryo.med.jpg, avp
/avp/Avp_adult_S_DAB_HF200_55_20060803-0117_08_10_06/Avp_adult_S_DAB_10X_08_cryo.med.jpg, avp
/avp/Avp_adult_S_DAB_QZ27-CRE_71_CRE_20110121-1046/Avp_adult_S_DAB_10X_08_cryo.med.jpg, avp
/inpp5j/Pib5pa_adult_S_DAB_MP181_11_20090521-1144_08_04_09/Pib5pa_adult_S_DAB_10X_08_cryo.med.jpg, inpp5j
/cnr1/Cnr1_adult_S_DAB_RY75-CRE_18_CRE_20110616-0953/Cnr1_adult_S_DAB_10X_08_cryo.med.jpg, cnr1
/cnr1/Cnr1_adult_S_DAB_BR249_3_20070921-0153_09_27_07/Cnr1_adult_S_DAB_10X_08_cryo.med.jpg, cnr1
/tpd52l1/Tpd52l1_adult_S_DAB_LT20_10_20090508-1149_08_04_09/Tpd52l1_adult_S_DAB_10X_08_cryo.med.jpg, tpd52l1
/a930038c07rik/A930038C07Rik_adult_S_DAB_HV74_4_20060829-0247_09_08_06/A930038C07Rik_adult_S_DAB_10X_08_cryo.med.jpg, a930038c07rik
/nr0b1/Nr0b1_adult_S_DAB_NA249_127_20100204-0229_09_08_10/Nr0b1_adult_S_DAB_10X_08_cryo.med.jpg, nr0b1
/rpl31/Rpl31_adult_S_DAB_LA244_158_20100614-1239_09_23_10/Rpl31_adult_S_DAB_10X_08_cryo.med.jpg, rpl31
/nomo1/Nomo1_adult_S_DAB_FQ101_72_20060824-0256_08_31_06/Nomo1_adult_S_DAB_10X_08_cryo.med.jpg, nomo1
/plekhg1/Plekhg1_adult_S_DAB_MS27_17_20090526-1201_08_04_09/Plekhg1_adult_S_DAB_10X_08_cryo.med.jpg, plekhg1
/gnb4/Gnb4_adult_S_DAB_LE63_11_20090415-1129_10_28_09/Gnb4_adult_S_DAB_10X_08_cryo.med.jpg, gnb4
/npc1/Npc1_adult_S_DAB_KB67_98_20080516-0110_05_29_08/Npc1_adult_S_DAB_10X_08_cryo.med.jpg, npc1
/hcrt/Hcrt_adult_S_DAB_NY120_7_20100430-1221_05_26_10/Hcrt_adult_S_DAB_10X_08_cryo.med.jpg, hcrt
/tnc/Tnc_adult_S_DAB_KZ30_112_20090529-0204_10_28_09/Tnc_adult_S_DAB_10X_08_cryo.med.jpg, tnc
/mmp17/Mmp17_adult_S_DAB_HX98_31_20070111-0127_01_19_07/Mmp17_adult_S_DAB_10X_08_cryo.med.jpg, mmp17
/chst2/Chst2_adult_S_DAB_JS94_198_20081028-1030_03_13_09/Chst2_adult_S_DAB_10X_08_cryo.med.jpg, chst2
/magel2/Magel2_adult_S_DAB_JU37_76_20090911-1130_10_28_09/Magel2_adult_S_DAB_10X_08_cryo.med.jpg, magel2
/arhgap33/Snx26_adult_S_DAB_LA99_99_20090213-1211_03_13_09/Snx26_adult_S_DAB_10X_08_cryo.med.jpg, arhgap33
/slc25a22/Slc25a22_adult_S_DAB_LI123_104_20101123-0915/Slc25a22_adult_S_DAB_10X_08_cryo.med.jpg, slc25a22
/rpl18/Rpl18_adult_S_DAB_KC65_9_20090120-0122_03_05_08/Rpl18_adult_S_DAB_10X_08_cryo.med.jpg, rpl18
/gfra2/Gfra2_adult_S_DAB_QX53_14_20110327-1154/Gfra2_adult_S_DAB_10X_08_cryo.med.jpg, gfra2
/ell3/Ell3_adult_S_DAB_OS49_21_20101006-1047_11_01_10/Ell3_adult_S_DAB_10X_08_cryo.med.jpg, ell3
/lzts1/Lzts1_adult_S_DAB_LB205_38_20090209-0925_06_12_09/Lzts1_adult_S_DAB_10X_08_cryo.med.jpg, lzts1
/ptn/Ptn_adult_S_DAB_HJ32_13_20060824-0256_08_31_06/Ptn_adult_S_DAB_10X_08_cryo.med.jpg, ptn
/gabre/Gabre_adult_S_DAB_LO39_61_20090630-0213_09_29_09/Gabre_adult_S_DAB_10X_08_cryo.med.jpg, gabre
/gbx2/Gbx2_adult_S_DAB_KZ184_83_20090114-1055_03_05_08/Gbx2_adult_S_DAB_10X_08_cryo.med.jpg, gbx2
/sez6l2/Sez6l2_adult_S_DAB_IC208_70_20071212-1211_01_18_08/Sez6l2_adult_S_DAB_10X_08_cryo.med.jpg, sez6l2
/fam171b/D430039N05Rik_adult_S_DAB_HX157_2_20061010-1048_10_13_06/D430039N05Rik_adult_S_DAB_10X_08_cryo.med.jpg, fam171b
/cabp7/Cabp7_adult_S_DAB_MB67_47_20100121-1103_03_10_10/Cabp7_adult_S_DAB_10X_08_cryo.med.jpg, cabp7
/id2/Id2_adult_S_DAB_NW236_10_20100414-1146_07_13_10/Id2_adult_S_DAB_10X_08_cryo.med.jpg, id2
/id1/Id1_adult_S_DAB_NJ135_6_20100322-0106_05_11_10/Id1_adult_S_DAB_10X_08_cryo.med.jpg, id1
/atp2a2/Atp2a2_adult_S_DAB_JL38_16_20071207-1135_YW_02_15_08/Atp2a2_adult_S_DAB_10X_08_cryo.med.jpg, atp2a2
/agtr2/Agtr2_adult_S_DAB_IP72_40_20071011-1201_11_02_07/Agtr2_adult_S_DAB_10X_08_cryo.med.jpg, agtr2
/arc/Arc_adult_S_DAB_RA54-CRE_17_CRE_20110215-0919/Arc_adult_S_DAB_10X_08_cryo.med.jpg, arc
/cpt1a/Cpt1a_adult_S_DAB_IP41_7_20070814-0904_08_23_07/Cpt1a_adult_S_DAB_10X_08_cryo.med.jpg, cpt1a
/isl2/Isl2_adult_S_DAB_LW124_52_20090408-0208_09_25_09/Isl2_adult_S_DAB_10X_08_cryo.med.jpg, isl2
/jam3/Jam3_adult_S_DAB_HE12_57_20060901-0205_09_13_06/Jam3_adult_S_DAB_10X_08_cryo.med.jpg, jam3
/fgfr3/Fgfr3_adult_S_DAB_KB81_36_20090423-1048_09_25_09/Fgfr3_adult_S_DAB_10X_08_cryo.med.jpg, fgfr3
/fgfr1/Fgfr1_adult_S_DAB_GP338_8_20070404-0204_04_20_07/Fgfr1_adult_S_DAB_10X_08_cryo.med.jpg, fgfr1
/rasl11b/Rasl11b_adult_S_DAB_MG11_41_20100121-1103_02_03_10/Rasl11b_adult_S_DAB_10X_08_cryo.med.jpg, rasl11b
/oma1/Oma1_adult_S_DAB_LU178_7_20091111-0144_11_18_09/Oma1_adult_S_DAB_10X_08_cryo.med.jpg, oma1
/bmpr1a/Bmpr1a_adult_S_DAB_ID90_2_20070607-0848_07_03_07/Bmpr1a_adult_S_DAB_10X_08_cryo.med.jpg, bmpr1a
/ccdc3/Ccdc3_adult_S_DAB_IA10_63_20080721-0238_08_15_08/Ccdc3_adult_S_DAB_10X_08_cryo.med.jpg, ccdc3
/ccdc3/Ccdc3_adult_S_DAB_PO34-CRE_165_CRE_20110405-1052/Ccdc3_adult_S_DAB_10X_08_cryo.med.jpg, ccdc3
/ccdc3/Ccdc3_adult_S_DAB_PO24-CRE_8_CRE_20110214-1135/Ccdc3_adult_S_DAB_10X_08_cryo.med.jpg, ccdc3
/rph3a/Rph3a_adult_S_DAB_KR703_1_20080728-0913_09_12_08/Rph3a_adult_S_DAB_10X_08_cryo.med.jpg, rph3a
/mobp/Mobp_adult_S_DAB_IN1_10_20070809-1006_08_28_07/Mobp_adult_S_DAB_10X_08_cryo.med.jpg, mobp
/tubb4a/Tubb4_adult_S_DAB_KR607_26_20090225-1132_03_23_09/Tubb4_adult_S_DAB_10X_08_cryo.med.jpg, tubb4a
/otof/Otof_adult_S_DAB_IC76_6_20070216-1141_02_22_07/Otof_adult_S_DAB_10X_08_cryo.med.jpg, otof
/erp29/Erp29_adult_S_DAB_KX108_23_20090114-1057_06_02_09/Erp29_adult_S_DAB_10X_08_cryo.med.jpg, erp29
/tbc1d8/Tbc1d8_adult_S_DAB_IB6_3_20070220-1058_02_22_07/Tbc1d8_adult_S_DAB_10X_08_cryo.med.jpg, tbc1d8
/kcnip2/Kcnip2_adult_S_DAB_KN211_8_20081010-0928_11_19_08/Kcnip2_adult_S_DAB_10X_08_cryo.med.jpg, kcnip2
/kcnip2/Kcnip2_adult_S_DAB_OP11-CRE_20_CRE_20110606-0154/Kcnip2_adult_S_DAB_10X_08_cryo.med.jpg, kcnip2
/gjd2/Gjd2_adult_S_DAB_JM16_81_20080724-1147_08_01_08/Gjd2_adult_S_DAB_10X_08_cryo.med.jpg, gjd2
/pla2g7/Pla2g7_adult_S_DAB_KP223_83_20100225-1102_05_26_10/Pla2g7_adult_S_DAB_10X_08_cryo.med.jpg, pla2g7
/kitl/Kitl_adult_S_DAB_KZ79_111_20081111-1020_03_05_08/Kitl_adult_S_DAB_10X_08_cryo.med.jpg, kitl
/efs/Efs_adult_S_DAB_JR5_2_20071221-1156_1_11_08/Efs_adult_S_DAB_10X_08_cryo.med.jpg, efs
/bmp1/Bmp1_adult_S_DAB_IL335_72_20080219-1121_02_27_08/Bmp1_adult_S_DAB_10X_08_cryo.med.jpg, bmp1
/fign/Fign_adult_S_DAB_PD77_54_20101223-0908/Fign_adult_S_DAB_10X_08_cryo.med.jpg, fign
/ank/Ank_adult_S_DAB_LU141_95_20100806-1023_08_23_10/Ank_adult_S_DAB_10X_08_cryo.med.jpg, ank
/gjc1/Gjc1_adult_S_DAB_JY80_77_20100423-1159_08_18_10/Gjc1_adult_S_DAB_10X_08_cryo.med.jpg, gjc1
/arl4c/Arl4c_adult_S_DAB_KS235_4_20081119-1111_12_12_08/Arl4c_adult_S_DAB_10X_08_cryo.med.jpg, arl4c
/fam65b/Fam65b_adult_S_DAB_LS245_19_20090218-1058_03_13_09/Fam65b_adult_S_DAB_10X_08_cryo.med.jpg, fam65b
/cxcl14/Cxcl14_adult_S_DAB_PS15_35_20110310-1114/Cxcl14_adult_S_DAB_10X_08_cryo.med.jpg, cxcl14
/cxcl13/Cxcl13_adult_S_DAB_SE33_32_20110929-1101/Cxcl13_adult_S_DAB_10X_08_cryo.med.jpg, cxcl13
/eed/Eed_adult_S_DAB_LZ55_12_20090507-0132_08_04_09/Eed_adult_S_DAB_10X_08_cryo.med.jpg, eed
/tfg/Tfg_adult_S_DAB_IH44_33_20071105-1253_11_16_07/Tfg_adult_S_DAB_10X_08_cryo.med.jpg, tfg
/9630033f20rik/9630033F20Rik_adult_S_DAB_NB39_42_20091023-0230_11_12_09/9630033F20Rik_adult_S_DAB_10X_08_cryo.med.jpg, 9630033f20rik
/zcchc12/Zcchc12_adult_S_DAB_NW229_9_20100503-1113_07_13_10/Zcchc12_adult_S_DAB_10X_08_cryo.med.jpg, zcchc12
/cdhr1/Cdhr1_adult_S_DAB_KG76_65_CRE_20110324-0230/Cdhr1_adult_S_DAB_10X_08_cryo.med.jpg, cdhr1
/cdhr1/Cdhr1_adult_S_DAB_KG66_44_CRE_20100324-1141/Cdhr1_adult_S_DAB_10X_08_cryo.med.jpg, cdhr1
/cdhr1/Pcdh21_adult_S_DAB_IB74_11_20070105-1112_1_12_07/Pcdh21_adult_S_DAB_10X_08_cryo.med.jpg, cdhr1
/gja1/Gja1_adult_S_DAB_KB40_38_20081020-1248_10_24_08/Gja1_adult_S_DAB_10X_08_cryo.med.jpg, gja1
/foxi2/Foxi2_adult_S_DAB_HX217_46_20071018-1233_10_26_07/Foxi2_adult_S_DAB_10X_08_cryo.med.jpg, foxi2
/foxi1/Foxi1_adult_S_DAB_IC243_52_20070524-1020_05_31_07/Foxi1_adult_S_DAB_10X_08_cryo.med.jpg, foxi1
/clock/Clock_adult_S_DAB_JN7_23_20080922-1225_10_10_08/Clock_adult_S_DAB_10X_08_cryo.med.jpg, clock
/creb1/Creb1_adult_S_DAB_NK165_54_20100526-1058_07_12_10/Creb1_adult_S_DAB_10X_08_cryo.med.jpg, creb1
/als2/Als2_adult_S_DAB_IP127_16_20070910-1047_09_14_07/Als2_adult_S_DAB_10X_08_cryo.med.jpg, als2
/eef1a1/Eef1a1_adult_S_DAB_LX73_135_20100813-0948/Eef1a1_adult_S_DAB_10X_08_cryo.med.jpg, eef1a1
/jag1/Jag1_adult_S_DAB_OM21_6_20100510-1159_09_08_10/Jag1_adult_S_DAB_10X_08_cryo.med.jpg, jag1
/jph4/Jph4_adult_S_DAB_KC33_81_20080818-1222_09_12_08/Jph4_adult_S_DAB_10X_08_cryo.med.jpg, jph4
/gng12/Gng12_adult_S_DAB_LK39_24_20090204-1135_03_05_08/Gng12_adult_S_DAB_10X_08_cryo.med.jpg, gng12
/eif1ax/Eif1ay_adult_S_DAB_MC114_32_20090529-0204_09_25_09/Eif1ay_adult_S_DAB_10X_08_cryo.med.jpg, eif1ax
/mgll/Mgll_adult_S_DAB_KT276_11_20081107-1026_12_12_08/Mgll_adult_S_DAB_10X_08_cryo.med.jpg, mgll
/lss/Lss_adult_S_DAB_JR102_26_20080124-1204_02_05_08/Lss_adult_S_DAB_10X_08_cryo.med.jpg, lss
/fam131a/Fam131a_adult_S_DAB_QX28_15_20110323-0208/Fam131a_adult_S_DAB_10X_08_cryo.med.jpg, fam131a
/spry3/Spry3_adult_S_DAB_MR74_17_20090619-0918_09_29_09/Spry3_adult_S_DAB_10X_08_cryo.med.jpg, spry3
/api5/Api5_adult_S_DAB_LY118_20_20100121-1102_02_03_10/Api5_adult_S_DAB_10X_08_cryo.med.jpg, api5
/spry1/Spry1_adult_S_DAB_LC231_98_20110323-0210/Spry1_adult_S_DAB_10X_08_cryo.med.jpg, spry1
/susd2/Susd2_adult_S_DAB_NT201_53_20100809-1121_09_14_10/Susd2_adult_S_DAB_10X_08_cryo.med.jpg, susd2
/magea8/MAGEA8_adult_S_DAB_HK90_17_20060627-0133_01_26_07/MAGEA8_adult_S_DAB_10X_08_cryo.med.jpg, magea8
/clvs2/Clvs2_adult_S_DAB_NC98_64_20110112-1011/Clvs2_adult_S_DAB_10X_08_cryo.med.jpg, clvs2
/tacr3/Tacr3_adult_S_DAB_JM102_41_20080115-1120_01_25_08/Tacr3_adult_S_DAB_10X_08_cryo.med.jpg, tacr3
/dclk3/Dclk3_adult_S_DAB_QH20_25_20110224-0234/Dclk3_adult_S_DAB_10X_08_cryo.med.jpg, dclk3
/xpo4/Xpo4_adult_S_DAB_JD181_19_20071220-1210_01_25_08/Xpo4_adult_S_DAB_10X_08_cryo.med.jpg, xpo4
/esr2/Esr2_adult_S_DAB_ID169_19_20061220-0105_01_19_07/Esr2_adult_S_DAB_10X_08_cryo.med.jpg, esr2
/idh3a/Idh3a_adult_S_DAB_IF220_5_20070226-1136_02_28_07/Idh3a_adult_S_DAB_10X_08_cryo.med.jpg, idh3a
/wwc1/Wwc1_adult_S_DAB_OJ47_11_20100624-0203_08_18_10/Wwc1_adult_S_DAB_10X_08_cryo.med.jpg, wwc1
/rspo3/Rspo3_adult_S_DAB_OH59_10_20100806-1046/Rspo3_adult_S_DAB_10X_08_cryo.med.jpg, rspo3
/cntn2/Cntn2_adult_S_DAB_HY344_20_20061120-0201_11_29_06/Cntn2_adult_S_DAB_10X_08_cryo.med.jpg, cntn2
/h2-k1/H2-K1_adult_S_DAB_NW125_2_20101117-1016/H2-K1_adult_S_DAB_10X_08_cryo.med.jpg, h2-k1
/lpl/Lpl_adult_S_DAB_LA211_67_20090109-1246_06_02_09/Lpl_adult_S_DAB_10X_08_cryo.med.jpg, lpl
/syt13/Syt13_adult_S_DAB_KA20_4_20080416-1229_05_09_08/Syt13_adult_S_DAB_10X_08_cryo.med.jpg, syt13
/syt17/Syt17_adult_S_DAB_NO14-CRE_18_CRE_20101029-0920/Syt17_adult_S_DAB_10X_08_cryo.med.jpg, syt17
/syt17/Syt17_adult_S_DAB_JI32_113_20090302-0926_06_02_09/Syt17_adult_S_DAB_10X_08_cryo.med.jpg, syt17
/phb/Phb_adult_S_DAB_KL287_14_20080627-1031_07_11_08/Phb_adult_S_DAB_10X_08_cryo.med.jpg, phb
/serpina3c/Serpina3c_adult_S_DAB_JX27_31_20080725-1032_08_01_08/Serpina3c_adult_S_DAB_10X_08_cryo.med.jpg, serpina3c
/cd82/Cd82_adult_S_DAB_OA62_60_20100624-1108_07_28_10/Cd82_adult_S_DAB_10X_08_cryo.med.jpg, cd82
/pgr/Pgr_adult_S_DAB_IZ44_39_20071217-0229_1_11_08/Pgr_adult_S_DAB_10X_08_cryo.med.jpg, pgr
/camkv/Camkv_adult_S_DAB_LN190_94_20090617-0907_08_04_09/Camkv_adult_S_DAB_10X_08_cryo.med.jpg, camkv
/insig2/Insig2_adult_S_DAB_JL131_6_20080115-1121_01_25_08/Insig2_adult_S_DAB_10X_08_cryo.med.jpg, insig2
/rps24/Rps24_adult_S_DAB_JN82_27_20080827-1159_09_12_08/Rps24_adult_S_DAB_10X_08_cryo.med.jpg, rps24
/smpd3/Smpd3_adult_S_DAB_NZ13_38_20101027-1247/Smpd3_adult_S_DAB_10X_08_cryo.med.jpg, smpd3
/opn4/Opn4_adult_S_DAB_SA9-CRE_8_CRE_20110506-0323/Opn4_adult_S_DAB_10X_08_cryo.med.jpg, opn4
/opn4/Opn4_adult_S_DAB_ND100_51_20100415-1228_05_26_10/Opn4_adult_S_DAB_10X_08_cryo.med.jpg, opn4
/opn3/Opn3_adult_S_DAB_JY3_39_20080825-1256_09_19_08/Opn3_adult_S_DAB_10X_08_cryo.med.jpg, opn3
/spint2/Spint2_adult_S_DAB_QB34_3_20101210-1020/Spint2_adult_S_DAB_10X_08_cryo.med.jpg, spint2
/prmt2/Prmt2_adult_S_DAB_IL152_1_20071022-1047_10_26_07/Prmt2_adult_S_DAB_10X_08_cryo.med.jpg, prmt2
/sema7a/Sema7a_adult_S_DAB_NO117-CRE_66_CRE_20110325-0935/Sema7a_adult_S_DAB_10X_08_cryo.med.jpg, sema7a
/cd63/Cd63_adult_S_DAB_LC2_80_20090324-1024_06_02_09/Cd63_adult_S_DAB_10X_08_cryo.med.jpg, cd63
/rgs8/Rgs8_adult_S_DAB_OK14-CRE_45_CRE_20101111-1048/Rgs8_adult_S_DAB_10X_08_cryo.med.jpg, rgs8
/9130024f11rik/9130024F11Rik_adult_S_DAB_KB93_9_20080710-1206_07_25_08/9130024F11Rik_adult_S_DAB_10X_08_cryo.med.jpg, 9130024f11rik
/rasgrp1/Rasgrp1_adult_S_DAB_PO1-CRE_26_CRE_20110304-1248/Rasgrp1_adult_S_DAB_10X_08_cryo.med.jpg, rasgrp1
/rasgrp1/Rasgrp1_adult_S_DAB_PO14-CRE_46_CRE_20110321-0925/Rasgrp1_adult_S_DAB_10X_08_cryo.med.jpg, rasgrp1
/rasgrp1/Rasgrp1_adult_S_DAB_KX214_8_20081126-1108_23_12_08/Rasgrp1_adult_S_DAB_10X_08_cryo.med.jpg, rasgrp1
/rgs4/Rgs4_adult_S_DAB_HS100_9_20060731-1254_08_16_06/Rgs4_adult_S_DAB_10X_08_cryo.med.jpg, rgs4
/rgs2/Rgs2_adult_S_DAB_KU24_82_20081203-1047_23_12_08/Rgs2_adult_S_DAB_10X_08_cryo.med.jpg, rgs2
/pecam1/Pecam1_adult_S_DAB_MY10_1_20100219-1139_04_07_10/Pecam1_adult_S_DAB_10X_08_cryo.med.jpg, pecam1
/olfr734/Olfr734_adult_S_DAB_JT74_119_20081203-1045_12_12_08/Olfr734_adult_S_DAB_10X_08_cryo.med.jpg, olfr734
/ai836003/AI836003_adult_S_DAB_NZ79_19_20101014-0929_11_01_10/AI836003_adult_S_DAB_10X_08_cryo.med.jpg, ai836003
/gdf10/Gdf10_adult_S_DAB_OR10-CRE_93_CRE_20110118-0925/Gdf10_adult_S_DAB_10X_08_cryo.med.jpg, gdf10
/dusp5/Gm337_adult_S_DAB_HM74_35_20060823-1250_08_31_06/Gm337_adult_S_DAB_10X_08_cryo.med.jpg, dusp5
/dusp3/Dusp3_adult_S_DAB_HM43_6_20060914-1230_09_22_06/Dusp3_adult_S_DAB_10X_08_cryo.med.jpg, dusp3
/slitrk6/Slitrk6_adult_S_DAB_HX16_29_20061106-0110_11_16_06/Slitrk6_adult_S_DAB_10X_08_cryo.med.jpg, slitrk6
/cntfr/Cntfr_adult_S_DAB_LO320_75_20090323-1004_07_17_09/Cntfr_adult_S_DAB_10X_08_cryo.med.jpg, cntfr
/mcm5/Mcm5_adult_S_DAB_LJ85_50_20091023-0239_11_12_09/Mcm5_adult_S_DAB_10X_08_cryo.med.jpg, mcm5
/cd34/Cd34_adult_S_DAB_MF6_34_20100218-0101_04_07_10/Cd34_adult_S_DAB_10X_08_cryo.med.jpg, cd34
/3110003a17rik/3110003A17Rik_adult_S_DAB_OU89_28_20101119-1116_01_05_11/3110003A17Rik_adult_S_DAB_10X_08_cryo.med.jpg, 3110003a17rik
/camkk1/Camkk1_adult_S_DAB_MP34_16_20090602-0917_07_09_09/Camkk1_adult_S_DAB_10X_08_cryo.med.jpg, camkk1
/rgs20/Rgs20_adult_S_DAB_KT172_115_20090921-1226_10_28_09/Rgs20_adult_S_DAB_10X_08_cryo.med.jpg, rgs20
/nsg1/Nsg1_adult_S_DAB_HP273_25_20060803-0117_08_24_06/Nsg1_adult_S_DAB_10X_08_cryo.med.jpg, nsg1
/pirt/A530088H08Rik_adult_S_DAB_NT136_22_20100218-1259_02_26_10/A530088H08Rik_adult_S_DAB_10X_08_cryo.med.jpg, pirt
/cckbr/Cckbr_adult_S_DAB_KR80_14_20090324-1001_07_09_09/Cckbr_adult_S_DAB_10X_08_cryo.med.jpg, cckbr
/rgs12/Rgs12_adult_S_DAB_HW332_45_20061120-0200_11_29_06/Rgs12_adult_S_DAB_10X_08_cryo.med.jpg, rgs12
/rgs14/Rgs14_adult_S_DAB_SR63-CRE_7_CRE_20111003-0934/Rgs14_adult_S_DAB_10X_08_cryo.med.jpg, rgs14
/plxnd1/Plxnd1_adult_S_DAB_OG1-CRE_25_CRE_20111107-0934/Plxnd1_adult_S_DAB_10X_08_cryo.med.jpg, plxnd1
/sema3f/Sema3f_adult_S_DAB_IN103_5_20071101-1054_11_09_07/Sema3f_adult_S_DAB_10X_08_cryo.med.jpg, sema3f
/sema3e/Sema3e_adult_S_DAB_OX19-CRE_186_CRE_20110302-0959/Sema3e_adult_S_DAB_10X_08_cryo.med.jpg, sema3e
/slitrk3/Slitrk3_adult_S_DAB_KN149_102_20090507-0134_08_19_09/Slitrk3_adult_S_DAB_10X_08_cryo.med.jpg, slitrk3
/slitrk4/Slitrk4_adult_S_DAB_HW5_11_20060901-0203_09_08_06/Slitrk4_adult_S_DAB_10X_08_cryo.med.jpg, slitrk4
/slitrk5/Slitrk5_adult_S_DAB_HV292_13_20060914-1227_09_22_06/Slitrk5_adult_S_DAB_10X_08_cryo.med.jpg, slitrk5
/slitrk2/Slitrk2_adult_S_DAB_HV196_92_20060922-1248_09_29_06/Slitrk2_adult_S_DAB_10X_08_cryo.med.jpg, slitrk2
/hdac11/Hdac11_adult_S_DAB_HO220_37_20060808-0118_08_16_06/Hdac11_adult_S_DAB_10X_08_cryo.med.jpg, hdac11
/sox2/Sox2_adult_S_DAB_KR38_60_20081009-0247_10_17_08/Sox2_adult_S_DAB_10X_08_cryo.med.jpg, sox2
/b3gat2/B3gat2_adult_S_DAB_NG126_52_20100701-1056_09_08_10/B3gat2_adult_S_DAB_10X_08_cryo.med.jpg, b3gat2
/b3gat1/B3gat1_adult_S_DAB_KJ277_73_20080605-1257_06_20_08/B3gat1_adult_S_DAB_10X_08_cryo.med.jpg, b3gat1
/plxnb2/Plxnb2_adult_S_DAB_JX73_18_20080821-1205_09_12_08/Plxnb2_adult_S_DAB_10X_08_cryo.med.jpg, plxnb2
/gipc2/Gipc2_adult_S_DAB_QS111_4_20110218-1227/Gipc2_adult_S_DAB_10X_08_cryo.med.jpg, gipc2
/fbxl5/Fbxl5_adult_S_DAB_IL133_38_20080125-1220_02_22_08/Fbxl5_adult_S_DAB_10X_08_cryo.med.jpg, fbxl5
/nr3c1/Nr3c1_adult_S_DAB_IR3_3_20070910-1057_07_21_07/Nr3c1_adult_S_DAB_10X_08_cryo.med.jpg, nr3c1
/tmeff1/Tmeff1_adult_S_DAB_KD132_18_20080514-1144_05_16_08/Tmeff1_adult_S_DAB_10X_08_cryo.med.jpg, tmeff1
/sox3/Sox3_adult_S_DAB_MT59_158_20100422-1055_07_12_10/Sox3_adult_S_DAB_10X_08_cryo.med.jpg, sox3
/mecom/Mecom_adult_S_DAB_NG190_40_20100908-0926_01_05_11/Mecom_adult_S_DAB_10X_08_cryo.med.jpg, mecom
/sox8/Sox8_adult_S_DAB_LY179_20_20090507-0132_08_04_09/Sox8_adult_S_DAB_10X_08_cryo.med.jpg, sox8
/1110008p14rik/1110008P14Rik_adult_S_DAB_MF81_2_20090529-0204_10_10_09/1110008P14Rik_adult_S_DAB_10X_08_cryo.med.jpg, 1110008p14rik
/irx4/Irx4_adult_S_DAB_KT189_2_20081217-0925_01_16_08/Irx4_adult_S_DAB_10X_08_cryo.med.jpg, irx4
/cacng7/Cacng7_adult_S_DAB_LJ124_1_20090129-1124_03_20_09/Cacng7_adult_S_DAB_10X_08_cryo.med.jpg, cacng7
/cacng5/Cacng5_adult_S_DAB_HM259_31_20060812-0934_08_31_06/Cacng5_adult_S_DAB_10X_08_cryo.med.jpg, cacng5
/cacng3/Cacng3_adult_S_DAB_ID128_59_20071219-1152_01_18_08/Cacng3_adult_S_DAB_10X_08_cryo.med.jpg, cacng3
/limk1/Limk1_adult_S_DAB_JL98_40_20080422-0431_05_09_08/Limk1_adult_S_DAB_10X_08_cryo.med.jpg, limk1
/dusp16/Dusp16_adult_S_DAB_IG166_157_20080115-1121_01_25_08/Dusp16_adult_S_DAB_10X_08_cryo.med.jpg, dusp16
/map1lc3a/Map1lc3a_adult_S_DAB_KX138_313_20090323-1004_09_29_09/Map1lc3a_adult_S_DAB_10X_08_cryo.med.jpg, map1lc3a
/dusp14/Dusp14_adult_S_DAB_HK400_1_20060705-0927_08_24_06/Dusp14_adult_S_DAB_10X_08_cryo.med.jpg, dusp14
/kctd12/Kctd12_adult_S_DAB_MX49_62_20100308-0157_07_12_10/Kctd12_adult_S_DAB_10X_08_cryo.med.jpg, kctd12
/f2r/F2r_adult_S_DAB_NA168_18_20100224-1159_03_17_10/F2r_adult_S_DAB_10X_08_cryo.med.jpg, f2r
/dmtf1/Dmtf1_adult_S_DAB_IL83_36_20070816-0217_08_24_07/Dmtf1_adult_S_DAB_10X_08_cryo.med.jpg, dmtf1
/ecel1/Ecel1_adult_S_DAB_NU146_84_20100930-1102_10_21_10/Ecel1_adult_S_DAB_10X_08_cryo.med.jpg, ecel1
/timp2/Timp2_adult_S_DAB_KR651_89_20090515-0926_08_19_09/Timp2_adult_S_DAB_10X_08_cryo.med.jpg, timp2
/cpne6/Cpne6_adult_S_DAB_JS29_50_20080815-1217_09_26_08/Cpne6_adult_S_DAB_10X_08_cryo.med.jpg, cpne6
/dsp/Dsp_adult_S_DAB_IL399_124_20080211-114402_02_15_08/Dsp_adult_S_DAB_10X_08_cryo.med.jpg, dsp
/sepw1/Sepw1_adult_S_DAB_NP72-CRE_300_CRE_20111107-0922/Sepw1_adult_S_DAB_10X_08_cryo.med.jpg, sepw1
/sepw1/Sepw1_adult_S_DAB_IT10_27_20080305-0210_05_09_08/Sepw1_adult_S_DAB_10X_08_cryo.med.jpg, sepw1
/sepw1/Sepw1_adult_S_DAB_NP39-CRE_213_CRE_20110309-0927/Sepw1_adult_S_DAB_10X_08_cryo.med.jpg, sepw1
/pmch/Pmch_adult_S_DAB_PC83_20_20100913-1109_12_06_10/Pmch_adult_S_DAB_10X_08_cryo.med.jpg, pmch
/aspm/Aspm_adult_S_DAB_IH113_11_20070614-0904_07_11_07/Aspm_adult_S_DAB_10X_08_cryo.med.jpg, aspm
/adra2c/Adra2c_adult_S_DAB_HZ102_38_20070207-0116_02_16_07/Adra2c_adult_S_DAB_10X_08_cryo.med.jpg, adra2c
/atp5a1/Atp5a1_adult_S_DAB_IE419_41_20080219-1120_02_28_08/Atp5a1_adult_S_DAB_10X_08_cryo.med.jpg, atp5a1
/c2cd2l/C2cd2l_adult_S_DAB_IH153_100_20080521-1204_08_21_08/C2cd2l_adult_S_DAB_10X_08_cryo.med.jpg, c2cd2l
/abhd5/Abhd5_adult_S_DAB_HW206_36_20061009-0209_10_13_06/Abhd5_adult_S_DAB_10X_08_cryo.med.jpg, abhd5
/abhd3/Abhd3_adult_S_DAB_IL13_6_20070924-0108_10_05_07/Abhd3_adult_S_DAB_10X_08_cryo.med.jpg, abhd3
/srr/Srr_adult_S_DAB_KJ355_23_20080812-0925_09_12_08/Srr_adult_S_DAB_10X_08_cryo.med.jpg, srr
/ascl1/Ascl1_adult_S_DAB_ND216-CRE_371_CRE_20110606-1010/Ascl1_adult_S_DAB_10X_08_cryo.med.jpg, ascl1
/nxph4/Nxph4_adult_S_DAB_IE296_66_20090922-0915_10_28_09/Nxph4_adult_S_DAB_10X_08_cryo.med.jpg, nxph4
/slc22a3/Slc22a3_adult_S_DAB_JZ6_32_20081017-1230_10_06_08/Slc22a3_adult_S_DAB_10X_08_cryo.med.jpg, slc22a3
/oprd1/Oprd1_adult_S_DAB_OF66_85_20101220-0926/Oprd1_adult_S_DAB_10X_08_cryo.med.jpg, oprd1
/cdc42bpg/Cdc42bpg_adult_S_DAB_NB124_139_20100701-1116_09_08_10/Cdc42bpg_adult_S_DAB_10X_08_cryo.med.jpg, cdc42bpg
/irs4/Irs4_adult_S_DAB_IB365_68_20070723-1255_08_09_07/Irs4_adult_S_DAB_10X_08_cryo.med.jpg, irs4
/cacnb1/Cacnb1_adult_S_DAB_IL327_6_20070524-1020_07_03_07/Cacnb1_adult_S_DAB_10X_08_cryo.med.jpg, cacnb1
/sdha/Sdha_adult_S_DAB_LU59_27_20090507-0133_09_25_09/Sdha_adult_S_DAB_10X_08_cryo.med.jpg, sdha
/sp8/Sp8_adult_S_DAB_OC9_24_20101022-0925_12_16_10/Sp8_adult_S_DAB_10X_08_cryo.med.jpg, sp8
/sept4/Sept4_adult_S_DAB_OX54-CRE_10_CRE_20110304-1250/Sept4_adult_S_DAB_10X_08_cryo.med.jpg, sept4
/mst1r/Mst1r_adult_S_DAB_NF17_57_20101007-1056_12_16_10/Mst1r_adult_S_DAB_10X_08_cryo.med.jpg, mst1r
/1600021p15rik/1600021P15Rik_adult_S_DAB_OC241_7_20101006-0918_10_21_10/1600021P15Rik_adult_S_DAB_10X_08_cryo.med.jpg, 1600021p15rik
/oxt/Oxt_adult_S_DAB_LC317_9_20081205-1237_01_16_08/Oxt_adult_S_DAB_10X_08_cryo.med.jpg, oxt
/rcn1/Rcn1_adult_S_DAB_IC20_22_20070322-0102_03_30_07/Rcn1_adult_S_DAB_10X_08_cryo.med.jpg, rcn1
/pitx2/Pitx2_adult_S_DAB_JS66_7_20080213-1150_02_25_08/Pitx2_adult_S_DAB_10X_08_cryo.med.jpg, pitx2
/lix1/Lix1_adult_S_DAB_HR308_42_20061204-1054_01_08_07/Lix1_adult_S_DAB_10X_08_cryo.med.jpg, lix1
/eif4g2/Eif4g2_adult_S_DAB_KN161_43_20081120-0115_12_12_08/Eif4g2_adult_S_DAB_10X_08_cryo.med.jpg, eif4g2
/evx1/Evx1_adult_S_DAB_HP213_27_20070222-0104_02_26_07/Evx1_adult_S_DAB_10X_08_cryo.med.jpg, evx1
/pax2/Pax2_adult_S_DAB_MR165_17_20091112-1229_11_18_09/Pax2_adult_S_DAB_10X_08_cryo.med.jpg, pax2
/pax7/Pax7_adult_S_DAB_NG60_73_20101008-0935_10_26_10/Pax7_adult_S_DAB_10X_08_cryo.med.jpg, pax7
/igfbp2/Igfbp2_adult_S_DAB_JT17_26_20080124-1204_02_15_08/Igfbp2_adult_S_DAB_10X_08_cryo.med.jpg, igfbp2
/4932418e24rik/4932418E24Rik_adult_S_DAB_LP199_5_20090402-0909_06_02_09/4932418E24Rik_adult_S_DAB_10X_08_cryo.med.jpg, 4932418e24rik
/limd2/Limd2_adult_S_DAB_MK18_38_20100611-1204_09_14_10/Limd2_adult_S_DAB_10X_08_cryo.med.jpg, limd2
/igfbp4/Igfbp4_adult_S_DAB_IS47_61_20080815-1214_09_12_08/Igfbp4_adult_S_DAB_10X_08_cryo.med.jpg, igfbp4
/pitx3/Pitx3_adult_S_DAB_IS122_89_20070925-0141_10_26_07/Pitx3_adult_S_DAB_10X_08_cryo.med.jpg, pitx3
/igfbp5/Igfbp5_adult_S_DAB_JE168_47_20080620-1225_07_11_08/Igfbp5_adult_S_DAB_10X_08_cryo.med.jpg, igfbp5
/drd3/Drd3_adult_S_DAB_KJ302_120_CRE_20110314-0913/Drd3_adult_S_DAB_10X_08_cryo.med.jpg, drd3
/drd3/Drd3_adult_S_DAB_KI196_161_CRE_20110308-1147/Drd3_adult_S_DAB_10X_08_cryo.med.jpg, drd3
/drd2/Drd2_adult_S_DAB_ER44_176_CRE_20101202-1058/Drd2_adult_S_DAB_10X_08_cryo.med.jpg, drd2
/igfbp3/Igfbp3_adult_S_DAB_LZ134_6_20090622-0957_10_07_09/Igfbp3_adult_S_DAB_10X_08_cryo.med.jpg, igfbp3
/lmo2/Lmo2_adult_S_DAB_NK30_76_20101004-0930_01_04_10/Lmo2_adult_S_DAB_10X_08_cryo.med.jpg, lmo2
/lmo1/Lmo1_adult_S_DAB_KN5_37_20080717-0320_07_25_08/Lmo1_adult_S_DAB_10X_08_cryo.med.jpg, lmo1
/brp44/Brp44_adult_S_DAB_QR52_12_20110222-0221/Brp44_adult_S_DAB_10X_08_cryo.med.jpg, brp44
/ckmt1/Ckmt1_adult_S_DAB_JB4_22_20080530-1147_06_20_08/Ckmt1_adult_S_DAB_10X_08_cryo.med.jpg, ckmt1
/btg1/Btg1_adult_S_DAB_HW278_52_20070208-1056_02_16_07/Btg1_adult_S_DAB_10X_08_cryo.med.jpg, btg1
/btg3/Btg3_adult_S_DAB_LI40_9_20090120-0125_06_12_09/Btg3_adult_S_DAB_10X_08_cryo.med.jpg, btg3
/btg2/Btg2_adult_S_DAB_LS85_3_20090323-0950_06_30_09/Btg2_adult_S_DAB_10X_08_cryo.med.jpg, btg2
/fzd10/Fzd10_adult_S_DAB_KP95_6_20090521-1146_09_22_09/Fzd10_adult_S_DAB_10X_08_cryo.med.jpg, fzd10
/lrrc8c/Lrrc8c_adult_S_DAB_MA108_20_20091116-1234_02_11_10/Lrrc8c_adult_S_DAB_10X_08_cryo.med.jpg, lrrc8c
/ubxn11/Ubxd5_adult_S_DAB_JF100_60_20080721-0237_08_15_08/Ubxd5_adult_S_DAB_10X_08_cryo.med.jpg, ubxn11
/6330527o06rik/6330527O06Rik_adult_S_DAB_JT133_67_20080220-0936_02_22_08/6330527O06Rik_adult_S_DAB_10X_08_cryo.med.jpg, 6330527o06rik
/cyfip2/Cyfip2_adult_S_DAB_IN64_34_20080103-1050_1_11_08/Cyfip2_adult_S_DAB_10X_08_cryo.med.jpg, cyfip2
/wnt3/Wnt3_adult_S_DAB_KM111_18_20080605-1257_07_25_08/Wnt3_adult_S_DAB_10X_08_cryo.med.jpg, wnt3
/kdm5b/Kdm5b_adult_S_DAB_PD56_14_20101004-0930_11_22_08/Kdm5b_adult_S_DAB_10X_08_cryo.med.jpg, kdm5b
/igf1/Igf1_adult_S_DAB_PY2-CRE_9_CRE_20110318-0919/Igf1_adult_S_DAB_10X_08_cryo.med.jpg, igf1
/car12/Car12_adult_S_DAB_IF37_12_20070531-1028_07_03_07/Car12_adult_S_DAB_10X_08_cryo.med.jpg, car12
/b2m/B2m_adult_S_DAB_IM76_101_20080328-1138_05_02_08/B2m_adult_S_DAB_10X_08_cryo.med.jpg, b2m
/2410066e13rik/2410066E13Rik_adult_S_DAB_OS7_34_20101001-1204_10_21_10/2410066E13Rik_adult_S_DAB_10X_08_cryo.med.jpg, 2410066e13rik
/kif11/Kif11_adult_S_DAB_NM58_158_20110323-0208/Kif11_adult_S_DAB_10X_08_cryo.med.jpg, kif11
/lrig1/Lrig1_adult_S_DAB_KP321_16_20080828-0121_09_12_08/Lrig1_adult_S_DAB_10X_08_cryo.med.jpg, lrig1
/tph2/Tph2_adult_S_DAB_LO210_30_20090618-1027_09_29_09/Tph2_adult_S_DAB_10X_08_cryo.med.jpg, tph2
/trim2/Trim2_adult_S_DAB_IO71_63_20081204-1158_01_16_08/Trim2_adult_S_DAB_10X_08_cryo.med.jpg, trim2
/uhmk1/Uhmk1_adult_S_DAB_HX301_51_20070105-1113_01_19_07/Uhmk1_adult_S_DAB_10X_08_cryo.med.jpg, uhmk1
/otp/Otp_adult_S_DAB_OI121_2_20100706-0243_09_14_10/Otp_adult_S_DAB_10X_08_cryo.med.jpg, otp
/trpv4/Trpv4_adult_S_DAB_MT43_23_20091201-0958_01_06_09/Trpv4_adult_S_DAB_10X_08_cryo.med.jpg, trpv4
/ptgds/Ptgds_adult_S_DAB_JL28_6_20071212-1212_02_01_08/Ptgds_adult_S_DAB_10X_08_cryo.med.jpg, ptgds
/sla/Sla_adult_S_DAB_HU63_150_20080111-1205_01_25_08/Sla_adult_S_DAB_10X_08_cryo.med.jpg, sla
/rlbp1/Rlbp1_adult_S_DAB_LC531_58_20100602-1100_06_29_10/Rlbp1_adult_S_DAB_10X_08_cryo.med.jpg, rlbp1
/vmn1r206/Vmn1r206_adult_S_DAB_PI35_27_20110427-1040/Vmn1r206_adult_S_DAB_10X_08_cryo.med.jpg, vmn1r206
/nptx2/Nptx2_adult_S_DAB_MC183_32_20090922-0916_10_28_09/Nptx2_adult_S_DAB_10X_08_cryo.med.jpg, nptx2
/nptx1/Nptx1_adult_S_DAB_MI86_146_20091116-1222_01_06_09/Nptx1_adult_S_DAB_10X_08_cryo.med.jpg, nptx1
/icam5/Icam5_adult_S_DAB_IM202_75_20071212-1211_1_11_08/Icam5_adult_S_DAB_10X_08_cryo.med.jpg, icam5
/kcnj14/Kcnj14_adult_S_DAB_KX86_23_20080822-1115_09_19_08/Kcnj14_adult_S_DAB_10X_08_cryo.med.jpg, kcnj14
/kcnab3/Kcnab3_adult_S_DAB_QT75_6_20110204-0917/Kcnab3_adult_S_DAB_10X_08_cryo.med.jpg, kcnab3
/atp1a1/Atp1a1_adult_S_DAB_OC87_10_20100916-1055_10_15_10/Atp1a1_adult_S_DAB_10X_08_cryo.med.jpg, atp1a1
/sdc3/Sdc3_adult_S_DAB_NC124_13_20100128-1044_05_04_10/Sdc3_adult_S_DAB_10X_08_cryo.med.jpg, sdc3
/6330403a02rik/6330403A02Rik_adult_S_DAB_OC152_30_20110113-0232/6330403A02Rik_adult_S_DAB_10X_08_cryo.med.jpg, 6330403a02rik
/h2afz/H2afz_adult_S_DAB_LJ201_1_20090604-0248_09_25_09/H2afz_adult_S_DAB_10X_08_cryo.med.jpg, h2afz
/lrrc55/Lrrc55_adult_S_DAB_KS290_2_20090306-1038_06_02_09/Lrrc55_adult_S_DAB_10X_08_cryo.med.jpg, lrrc55
/ptch2/Ptch2_adult_S_DAB_LW193_61_20090710-1013_10_07_09/Ptch2_adult_S_DAB_10X_08_cryo.med.jpg, ptch2
/pcdh9/Pcdh9_adult_S_DAB_NP276-CRE_23_CRE_20110511-0917/Pcdh9_adult_S_DAB_10X_08_cryo.med.jpg, pcdh9
/prkacb/Prkacb_adult_S_DAB_IC89_4_20070223-1224_02_26_07/Prkacb_adult_S_DAB_10X_08_cryo.med.jpg, prkacb
/glt25d2/Glt25d2_adult_S_DAB_NF107-CRE_97_CRE_20110406-1022/Glt25d2_adult_S_DAB_10X_08_cryo.med.jpg, glt25d2
/adam23/Adam23_adult_S_DAB_LR169_10_20090316-0121_06_02_09/Adam23_adult_S_DAB_10X_08_cryo.med.jpg, adam23
/hmx3/Hmx3_adult_S_DAB_HN154_22_20060814-1259_08_16_06/Hmx3_adult_S_DAB_10X_08_cryo.med.jpg, hmx3
/akap12/Akap12_adult_S_DAB_IU72_233_20100521-1027_07_28_10/Akap12_adult_S_DAB_10X_08_cryo.med.jpg, akap12
/tpbg/Tpbg_adult_S_DAB_NJ116_140_20110413-0237/Tpbg_adult_S_DAB_10X_08_cryo.med.jpg, tpbg
/thra/Thra_adult_S_DAB_KL340_1_20080612-1252_06_20_08/Thra_adult_S_DAB_10X_08_cryo.med.jpg, thra
/slc8a2/Slc8a2_adult_S_DAB_HZ185_39_20061214-1001_01_08_07/Slc8a2_adult_S_DAB_10X_08_cryo.med.jpg, slc8a2
/adam11/Adam11_adult_S_DAB_IS19_8_20071107-1119_11_15_07/Adam11_adult_S_DAB_10X_08_cryo.med.jpg, adam11
/atp6v1b2/Atp6v1b2_adult_S_DAB_IE336_28_20070220-1058__02_26_07/Atp6v1b2_adult_S_DAB_10X_08_cryo.med.jpg, atp6v1b2
/shf/Shf_adult_S_DAB_SO5-CRE_127_CRE_20110909-1042/Shf_adult_S_DAB_10X_08_cryo.med.jpg, shf
/shf/Shf_adult_S_DAB_QT55_81_20110228-1256/Shf_adult_S_DAB_10X_08_cryo.med.jpg, shf
/peg3/Peg3_adult_S_DAB_KA50_4_20080326-1215_04_25_08/Peg3_adult_S_DAB_10X_08_cryo.med.jpg, peg3
/spna2/Spna2_adult_S_DAB_JK12_56_20081117-1247_23_12_08/Spna2_adult_S_DAB_10X_08_cryo.med.jpg, spna2
/khdrbs1/Khdrbs1_adult_S_DAB_LR219_152_20110418-1148/Khdrbs1_adult_S_DAB_10X_08_cryo.med.jpg, khdrbs1
/celf6/Brunol6_adult_S_DAB_KS321_23_20090108-0236_03_05_08/Brunol6_adult_S_DAB_10X_08_cryo.med.jpg, celf6
/gas1/Gas1_adult_S_DAB_JT116_230_20081105-1203_11_14_08/Gas1_adult_S_DAB_10X_08_cryo.med.jpg, gas1
/tuba1b/Tuba1b_adult_S_DAB_KO103_16_20080711-1247_07_25_08/Tuba1b_adult_S_DAB_10X_08_cryo.med.jpg, tuba1b
/dyrk1a/Dyrk1a_adult_S_DAB_JF4_53_20080828-0120_09_19_08/Dyrk1a_adult_S_DAB_10X_08_cryo.med.jpg, dyrk1a
/lrrtm1/Lrrtm1_adult_S_DAB_LA50_38_20090622-0943_10_07_09/Lrrtm1_adult_S_DAB_10X_08_cryo.med.jpg, lrrtm1
/chrm5/Chrm5_adult_S_DAB_PE14_2_20100809-0912_09_08_10/Chrm5_adult_S_DAB_10X_08_cryo.med.jpg, chrm5
/chrm1/Chrm1_adult_S_DAB_IO35_23_20071109-1234_11_29_07/Chrm1_adult_S_DAB_10X_08_cryo.med.jpg, chrm1
/chrnb4/Chrnb4_adult_S_DAB_OL57-CRE_24_CRE_20110609-0900/Chrnb4_adult_S_DAB_10X_08_cryo.med.jpg, chrnb4
/chrnb3/Chrnb3_adult_S_DAB_SM93-CRE_30_CRE_20110929-1106/Chrnb3_adult_S_DAB_10X_08_cryo.med.jpg, chrnb3
/chrnb2/Chrnb2_adult_S_DAB_JR125_122_20080129-121402_02_15_08/Chrnb2_adult_S_DAB_10X_08_cryo.med.jpg, chrnb2
/cxxc4/Cxxc4_adult_S_DAB_LM190_12_20090318-0136_06_02_09/Cxxc4_adult_S_DAB_10X_08_cryo.med.jpg, cxxc4
/chrna7/Chrna7_adult_S_DAB_NP348-CRE_75_CRE_20110330-0350/Chrna7_adult_S_DAB_10X_08_cryo.med.jpg, chrna7
/chrna7/Chrna7_adult_S_DAB_JL46_122_20080125-122102_02_15_08/Chrna7_adult_S_DAB_10X_08_cryo.med.jpg, chrna7
/chrna7/Chrna7_adult_S_DAB_NP366-CRE_35_CRE_20101020-1048/Chrna7_adult_S_DAB_10X_08_cryo.med.jpg, chrna7
/acaa2/Acaa2_adult_S_DAB_QE25_55_20110113-0232/Acaa2_adult_S_DAB_10X_08_cryo.med.jpg, acaa2
/chrna4/Chrna4_adult_S_DAB_ME19_87_20090604-1239_07_17_09/Chrna4_adult_S_DAB_10X_08_cryo.med.jpg, chrna4
/chrna5/Chrna5_adult_S_DAB_IG16_19_20080201-120102_02_15_08/Chrna5_adult_S_DAB_10X_08_cryo.med.jpg, chrna5
/chrna3/Chrna3_adult_S_DAB_NO196-CRE_124_CRE_20110603-0928/Chrna3_adult_S_DAB_10X_08_cryo.med.jpg, chrna3
/klk8/Klk8_adult_S_DAB_NP171-CRE_65_CRE_20110505-0953/Klk8_adult_S_DAB_10X_08_cryo.med.jpg, klk8
/klk8/Klk8_adult_S_DAB_KD59_46_20080620-1228_06_25_08/Klk8_adult_S_DAB_10X_08_cryo.med.jpg, klk8
/gpr6/Gpr6_adult_S_DAB_LS39_5_20090205-1151_03_13_09/Gpr6_adult_S_DAB_10X_08_cryo.med.jpg, gpr6
/chrna2/Chrna2_adult_S_DAB_OF8_31_20110513-0217/Chrna2_adult_S_DAB_10X_08_cryo.med.jpg, chrna2
/chrna2/Chrna2_adult_S_DAB_OE25-CRE_208_CRE_20110310-0836/Chrna2_adult_S_DAB_10X_08_cryo.med.jpg, chrna2
/gpr4/Gpr4_adult_S_DAB_GU23_50_20061106-0107_11_21_06/Gpr4_adult_S_DAB_10X_08_cryo.med.jpg, gpr4
/rab3b/Rab3b_adult_S_DAB_LK217_9_20090218-1110_07_17_09/Rab3b_adult_S_DAB_10X_08_cryo.med.jpg, rab3b
/esyt3/D9Ertd280e_adult_S_DAB_LJ63_26_20090511-1139_07_09_09/D9Ertd280e_adult_S_DAB_10X_08_cryo.med.jpg, esyt3
/trpv1/Trpv1_adult_S_DAB_MA208_130_20100224-1154_04_07_10/Trpv1_adult_S_DAB_10X_08_cryo.med.jpg, trpv1
/pten/Pten_adult_S_DAB_NE5_66_20110315-0917/Pten_adult_S_DAB_10X_08_cryo.med.jpg, pten
/dct/Dct_adult_S_DAB_NY2_22_20100305-1221_05_11_10/Dct_adult_S_DAB_10X_08_cryo.med.jpg, dct
/aldh1l1/Aldh1l1_adult_S_DAB_PB1-CRE_90_CRE_20110214-1132/Aldh1l1_adult_S_DAB_10X_08_cryo.med.jpg, aldh1l1
/dcn/Dcn_adult_S_DAB_PA28_40_20110620-0939/Dcn_adult_S_DAB_10X_08_cryo.med.jpg, dcn
/1110012j17rik/1110012J17Rik_adult_S_DAB_LC191_15_20090120-0124_03_05_08/1110012J17Rik_adult_S_DAB_10X_08_cryo.med.jpg, 1110012j17rik
/n28178/N28178_adult_S_DAB_MJ26_1_20090508-1148_09_22_09/N28178_adult_S_DAB_10X_08_cryo.med.jpg, n28178
/mgst3/Mgst3_adult_S_DAB_NL79_77_20110119-0950/Mgst3_adult_S_DAB_10X_08_cryo.med.jpg, mgst3
/rasgef1b/Rasgef1b_adult_S_DAB_PX22_5_20100930-1104/Rasgef1b_adult_S_DAB_10X_08_cryo.med.jpg, rasgef1b
/dtymk/Dtymk_adult_S_DAB_JI39_74_20090116-1152_03_05_08/Dtymk_adult_S_DAB_10X_08_cryo.med.jpg, dtymk
/chst15/Chst15_adult_S_DAB_LM154_7_20090318-0135_09_18_09/Chst15_adult_S_DAB_10X_08_cryo.med.jpg, chst15
/lynx1/Lynx1_adult_S_DAB_ID187_35_20070319-1054_04_05_07/Lynx1_adult_S_DAB_10X_08_cryo.med.jpg, lynx1
/asb4/Asb4_adult_S_DAB_HW181_87_20070921-0154_11_02_07/Asb4_adult_S_DAB_10X_08_cryo.med.jpg, asb4
/mfn2/Mfn2_adult_S_DAB_HR116_29_20060804-0124_10_20_06/Mfn2_adult_S_DAB_10X_08_cryo.med.jpg, mfn2
/mfn1/Mfn1_adult_S_DAB_HP51_113_20080606-1234_06_20_08/Mfn1_adult_S_DAB_10X_08_cryo.med.jpg, mfn1
/rab37/Rab37_adult_S_DAB_JP5_51_20080815-1217_09_12_08/Rab37_adult_S_DAB_10X_08_cryo.med.jpg, rab37
/tle3/Tle3_adult_S_DAB_LU125_13_20090416-0939_06_02_09/Tle3_adult_S_DAB_10X_08_cryo.med.jpg, tle3
/dbp/Dbp_adult_S_DAB_LP35_93_20090417-1235_06_02_09/Dbp_adult_S_DAB_10X_08_cryo.med.jpg, dbp
/dbp/Dbp_adult_S_DAB_MN120-CRE_104_CRE_20110228-0911/Dbp_adult_S_DAB_10X_08_cryo.med.jpg, dbp
/ngfr/Ngfr_adult_S_DAB_QU6_18_20110420-1232/Ngfr_adult_S_DAB_10X_08_cryo.med.jpg, ngfr
/dbi/Dbi_adult_S_DAB_IH386_51_20071219-1150_01_18_08/Dbi_adult_S_DAB_10X_08_cryo.med.jpg, dbi
/cisd1/Cisd1_adult_S_DAB_JO34_49_20080514-1145_05_29_08/Cisd1_adult_S_DAB_10X_08_cryo.med.jpg, cisd1
/skil/Skil_adult_S_DAB_HZ44_12_20061128-1030_12_05_06/Skil_adult_S_DAB_10X_08_cryo.med.jpg, skil
/layn/Layn_adult_S_DAB_HZ80_13_20070905-1119_09_14_07/Layn_adult_S_DAB_10X_08_cryo.med.jpg, layn
/a230065h16rik/A230065H16Rik_adult_S_DAB_JY49_55_20080618-1201_06_25_08/A230065H16Rik_adult_S_DAB_10X_08_cryo.med.jpg, a230065h16rik
/a230065h16rik/A230065H16Rik_adult_S_DAB_RA13-CRE_22_CRE_20101210/A230065H16Rik_adult_S_DAB_10X_08_cryo.med.jpg, a230065h16rik
/a230065h16rik/A230065H16Rik_adult_S_DAB_RA31-CRE_53_CRE_20110330/A230065H16Rik_adult_S_DAB_10X_08_cryo.med.jpg, a230065h16rik
/kcnk1/Kcnk1_adult_S_DAB_HW44_4_20061016-1247_10_20_06/Kcnk1_adult_S_DAB_10X_08_cryo.med.jpg, kcnk1
/pak6/Pak6_adult_S_DAB_NU92_127_20110407-0105/Pak6_adult_S_DAB_10X_08_cryo.med.jpg, pak6
/ngef/Ngef_adult_S_DAB_JK76_68_20080731-1132_08_21_08/Ngef_adult_S_DAB_10X_08_cryo.med.jpg, ngef
/nrp2/Nrp2_adult_S_DAB_SH25_30_20110902-0900/Nrp2_adult_S_DAB_10X_08_cryo.med.jpg, nrp2
/ctxn1/Ctxn1_adult_S_DAB_KS385_12_20081105-0411_03_05_08/Ctxn1_adult_S_DAB_10X_08_cryo.med.jpg, ctxn1
/fezf1/Fezf1_adult_S_DAB_LK300_19_20090108-0238_01_16_08/Fezf1_adult_S_DAB_10X_08_cryo.med.jpg, fezf1
/fezf2/Fezf2_adult_S_DAB_SZ89-TOM_11_20111212-1228/Fezf2_adult_S_DAB_10X_08_cryo.med.jpg, fezf2
/il16/Il16_adult_S_DAB_OY150_35_20110125-0929/Il16_adult_S_DAB_10X_08_cryo.med.jpg, il16
/tle1/Tle1_adult_S_DAB_IC137_38_20080129-1212_02_05_08/Tle1_adult_S_DAB_10X_08_cryo.med.jpg, tle1
/galr3/Galr3_adult_S_DAB_KS77_25_20090130-1029_04_07_10/Galr3_adult_S_DAB_10X_08_cryo.med.jpg, galr3
/galr1/Galr1_adult_S_DAB_LO141_11_20090424-1239_09_29_09/Galr1_adult_S_DAB_10X_08_cryo.med.jpg, galr1
/tnip2/Tnip2_adult_S_DAB_NC165_25_20100204-0232_04_07_10/Tnip2_adult_S_DAB_10X_08_cryo.med.jpg, tnip2
/sh3bgrl2/Sh3bgrl2_adult_S_DAB_QY129_40_20110228-1252/Sh3bgrl2_adult_S_DAB_10X_08_cryo.med.jpg, sh3bgrl2
/slc4a2/Slc4a2_adult_S_DAB_HQ88_13_20060815-1021_08_18_06/Slc4a2_adult_S_DAB_10X_08_cryo.med.jpg, slc4a2
/sh3bgrl3/Sh3bgrl3_adult_S_DAB_LU321_51_20090330-1051_09_22_09/Sh3bgrl3_adult_S_DAB_10X_08_cryo.med.jpg, sh3bgrl3
/pdgfrb/Pdgfrb_adult_S_DAB_JN169_14_20090305-1138_06_02_09/Pdgfrb_adult_S_DAB_10X_08_cryo.med.jpg, pdgfrb
/pdgfra/Pdgfra_adult_S_DAB_NW179_16_20100701-1057/Pdgfra_adult_S_DAB_10X_08_cryo.med.jpg, pdgfra
/adora2a/Adora2a_adult_S_DAB_KG139_17_CRE_20081219-0933_10_10_09/Adora2a_adult_S_DAB_10X_08_cryo.med.jpg, adora2a
/adora2a/Adora2a_adult_S_DAB_KG126_126_CRE_20081106-0201/Adora2a_adult_S_DAB_10X_08_cryo.med.jpg, adora2a
/mki67/Mki67_adult_S_DAB_MC169_24_20090402-1004_06_30_09/Mki67_adult_S_DAB_10X_08_cryo.med.jpg, mki67
/stmn2/Stmn2_adult_S_DAB_NY75_51_20100429-1126_07_13_10/Stmn2_adult_S_DAB_10X_08_cryo.med.jpg, stmn2
/ccna2/Ccna2_adult_S_DAB_IK7_44_20080225-1119_04_04_08/Ccna2_adult_S_DAB_10X_08_cryo.med.jpg, ccna2
/stmn1/Stmn1_adult_S_DAB_HX248_11_20061222-1052_1_10_07/Stmn1_adult_S_DAB_10X_08_cryo.med.jpg, stmn1
/ppp5c/Ppp5c_adult_S_DAB_KT154_135_20100414-1144_09_11_10/Ppp5c_adult_S_DAB_10X_08_cryo.med.jpg, ppp5c
/kcng4/Kcng4_adult_S_DAB_JP195_9_20080314-0127_07_25_08/Kcng4_adult_S_DAB_10X_08_cryo.med.jpg, kcng4
/kcng3/Kcng3_adult_S_DAB_NK16_49_20110107-0318/Kcng3_adult_S_DAB_10X_08_cryo.med.jpg, kcng3
/nck2/Nck2_adult_S_DAB_IL124_82_20081219-1241_01_23_09/Nck2_adult_S_DAB_10X_08_cryo.med.jpg, nck2
/arpp21/Arpp21_adult_S_DAB_OL90-CRE_20_CRE_20110707-0908/Arpp21_adult_S_DAB_10X_08_cryo.med.jpg, arpp21
/h2-t23/H2-T23_adult_S_DAB_NZ55_22_20100603-1141_09_08_10/H2-T23_adult_S_DAB_10X_08_cryo.med.jpg, h2-t23
/h2-t22/H2-T22_adult_S_DAB_PC55_26_20101118-1052/H2-T22_adult_S_DAB_10X_08_cryo.med.jpg, h2-t22
/ppp4c/Ppp4c_adult_S_DAB_IK132_74_20080415-1215_04_25_08/Ppp4c_adult_S_DAB_10X_08_cryo.med.jpg, ppp4c
/agrp/Agrp_adult_S_DAB_MT25_3_20100315-1138_06_02_10/Agrp_adult_S_DAB_10X_08_cryo.med.jpg, agrp
/elovl6/Elovl6_adult_S_DAB_QR5_25_20110105-1141/Elovl6_adult_S_DAB_10X_08_cryo.med.jpg, elovl6
/d8ertd738e/D8Ertd738e_adult_S_DAB_IM357_74_20080612-0117_06_20_08/D8Ertd738e_adult_S_DAB_10X_08_cryo.med.jpg, d8ertd738e
/rnd2/Rnd2_adult_S_DAB_JL99_19_20080215-1124_02_22_08/Rnd2_adult_S_DAB_10X_08_cryo.med.jpg, rnd2
/cited1/Cited1_adult_S_DAB_JE121_4_20080917-1220_10_02_08/Cited1_adult_S_DAB_10X_08_cryo.med.jpg, cited1
/smoc2/Smoc2_adult_S_DAB_HY194_4_20061207-0953_01_08_07/Smoc2_adult_S_DAB_10X_08_cryo.med.jpg, smoc2
/2410018l13rik/2410018L13Rik_adult_S_DAB_IE111_59_20070801-0230_08_16_07/2410018L13Rik_adult_S_DAB_10X_08_cryo.med.jpg, 2410018l13rik
/hira/Hira_adult_S_DAB_LC207_61_20090309-1232_06_02_09/Hira_adult_S_DAB_10X_08_cryo.med.jpg, hira
/peg10/Peg10_adult_S_DAB_OD131_52_20101223-0908/Peg10_adult_S_DAB_10X_08_cryo.med.jpg, peg10
/numbl/Numbl_adult_S_DAB_MA48_2_20090624-1251_08_19_09/Numbl_adult_S_DAB_10X_08_cryo.med.jpg, numbl
/tdo2/Tdo2_adult_S_DAB_QE60_39_20110317-1001/Tdo2_adult_S_DAB_10X_08_cryo.med.jpg, tdo2
/prokr2/Prokr2_adult_S_DAB_JU78_14_20080201-0916_02_05_08/Prokr2_adult_S_DAB_10X_08_cryo.med.jpg, prokr2
/prokr2/Prokr2_adult_S_DAB_MG22_55_CRE_20110314-0915/Prokr2_adult_S_DAB_10X_08_cryo.med.jpg, prokr2
/heyl/Heyl_adult_S_DAB_IC178_210_20090319-0912_06_02_09/Heyl_adult_S_DAB_10X_08_cryo.med.jpg, heyl
/srsf7/Sfrs7_adult_S_DAB_IL254_45_20080604-1253_06_20_08/Sfrs7_adult_S_DAB_10X_08_cryo.med.jpg, srsf7
/srsf5/Sfrs5_adult_S_DAB_LR133_10_20090504-1203_08_04_09/Sfrs5_adult_S_DAB_10X_08_cryo.med.jpg, srsf5
/slc18a3/Slc18a3_adult_S_DAB_KB14_10_20080611-1121_06_20_08/Slc18a3_adult_S_DAB_10X_08_cryo.med.jpg, slc18a3
/slc18a2/Slc18a2_adult_S_DAB_OZ14-CRE_29_CRE_20110211-1131/Slc18a2_adult_S_DAB_10X_08_cryo.med.jpg, slc18a2
/slc18a2/Slc18a2_adult_S_DAB_IC5_3_20070209-1015_02_16_07/Slc18a2_adult_S_DAB_10X_08_cryo.med.jpg, slc18a2
/slc18a2/Slc18a2_adult_S_DAB_OZ27-CRE_178_CRE_20110524-0110/Slc18a2_adult_S_DAB_10X_08_cryo.med.jpg, slc18a2
/nrgn/Nrgn_adult_S_DAB_KM74_81_20090416-0940_08_04_09/Nrgn_adult_S_DAB_10X_08_cryo.med.jpg, nrgn
/gsc/Gsc_adult_S_DAB_JL210_44_20080417-0150_08_01_08/Gsc_adult_S_DAB_10X_08_cryo.med.jpg, gsc
/kcnc4/Kcnc4_adult_S_DAB_IM187_22_20080513-1152_05_29_08/Kcnc4_adult_S_DAB_10X_08_cryo.med.jpg, kcnc4
/grp/Grp_adult_S_DAB_KH288_93_CRE_20100312-1244/Grp_adult_S_DAB_10X_08_cryo.med.jpg, grp
/casr/Casr_adult_S_DAB_IG226_4_20070629-0923_07_19_07/Casr_adult_S_DAB_10X_08_cryo.med.jpg, casr
/hey2/Hey2_adult_S_DAB_IF165_12_20070724-1001_08_09_07/Hey2_adult_S_DAB_10X_08_cryo.med.jpg, hey2
/hey1/Hey1_adult_S_DAB_ID40_85_20070309-1217_03_30_07/Hey1_adult_S_DAB_10X_08_cryo.med.jpg, hey1
/kit/Kit_adult_S_DAB_IF44_21_20070529-1009_07_03_07/Kit_adult_S_DAB_10X_08_cryo.med.jpg, kit
/nrg1/Nrg1_adult_S_DAB_LS131_107_20100119-1207_03_17_10/Nrg1_adult_S_DAB_10X_08_cryo.med.jpg, nrg1
/igsf9/Igsf9_adult_S_DAB_JR10_34_20080131-1136_02_15_08/Igsf9_adult_S_DAB_10X_08_cryo.med.jpg, igsf9
/plk2/Plk2_adult_S_DAB_LM123_145_20090203-0959_03_13_09/Plk2_adult_S_DAB_10X_08_cryo.med.jpg, plk2
/rfng/Rfng_adult_S_DAB_IC128_4_20070606-0958_07_19_07/Rfng_adult_S_DAB_10X_08_cryo.med.jpg, rfng
/sult1a1/Sult1a1_adult_S_DAB_LB282_30_20081203-1045_12_12_08/Sult1a1_adult_S_DAB_10X_08_cryo.med.jpg, sult1a1
/nr2e1/Nr2e1_adult_S_DAB_LU210_55_20100422-1159_07_12_10/Nr2e1_adult_S_DAB_10X_08_cryo.med.jpg, nr2e1
/kcna4/Kcna4_adult_S_DAB_NH187_43_20100525-0914_07_12_10/Kcna4_adult_S_DAB_10X_08_cryo.med.jpg, kcna4
/med12/Med12_adult_S_DAB_KC98_55_20081219-1241_01_23_09/Med12_adult_S_DAB_10X_08_cryo.med.jpg, med12
/slc32a1/Slc32a1_adult_S_DAB_EN128_110_20090903-1038_10_28_09/Slc32a1_adult_S_DAB_10X_08_cryo.med.jpg, slc32a1
/slc32a1/Slc32a1_adult_S_DAB_RO32-CRE_29_CRE_20110701-0911/Slc32a1_adult_S_DAB_10X_08_cryo.med.jpg, slc32a1
/ghsr/Ghsr_adult_S_DAB_KZ65_13_20090109-1245_01_23_09/Ghsr_adult_S_DAB_10X_08_cryo.med.jpg, ghsr
/gprin3/C030038J10Rik_adult_S_DAB_HV112_19_20060901-0206_09_08_06/C030038J10Rik_adult_S_DAB_10X_08_cryo.med.jpg, gprin3
/satb2/Satb2_adult_S_DAB_MO23-CRE_36_CRE_20100902-1136/Satb2_adult_S_DAB_10X_08_cryo.med.jpg, satb2
/satb2/Satb2_adult_S_DAB_MO18-CRE_72_CRE_20100929-1011/Satb2_adult_S_DAB_10X_08_cryo.med.jpg, satb2
/baiap3/Baiap3_adult_S_DAB_NJ62_50_20101122-1151/Baiap3_adult_S_DAB_10X_08_cryo.med.jpg, baiap3
/baiap2/Baiap2_adult_S_DAB_IS151_38_20081015-1223_10_06_08/Baiap2_adult_S_DAB_10X_08_cryo.med.jpg, baiap2
/car3/Car3_adult_S_DAB_NT174_78_20100806-1028/Car3_adult_S_DAB_10X_08_cryo.med.jpg, car3
/actb/Actb_adult_S_DAB_OR63_12_20110112-1012/Actb_adult_S_DAB_10X_08_cryo.med.jpg, actb
/calcr/Calcr_adult_S_DAB_JI134_46_20080805-1224_08_15_08/Calcr_adult_S_DAB_10X_08_cryo.med.jpg, calcr
/calcb/Calcb_adult_S_DAB_PE53_58_20100624-1107_07_07_10/Calcb_adult_S_DAB_10X_08_cryo.med.jpg, calcb
/bcar1/Bcar1_adult_S_DAB_JP115_38_20081120-0119_12_12_08/Bcar1_adult_S_DAB_10X_08_cryo.med.jpg, bcar1
/6030405a18rik/6030405A18Rik_adult_S_DAB_JP93_24_20080317-0152_04_04_08/6030405A18Rik_adult_S_DAB_10X_08_cryo.med.jpg, 6030405a18rik
/gpc4/Gpc4_adult_S_DAB_HZ284_50_20071023-0937_10_26_07/Gpc4_adult_S_DAB_10X_08_cryo.med.jpg, gpc4
/serpini1/Serpini1_adult_S_DAB_HT101_3_20060802-0110_08_10_06/Serpini1_adult_S_DAB_10X_08_cryo.med.jpg, serpini1
/lef1/Lef1_adult_S_DAB_IN75_82_20080522-1222_07_25_08/Lef1_adult_S_DAB_10X_08_cryo.med.jpg, lef1
/traf4/Traf4_adult_S_DAB_KR254_8_20081107-0135_11_14_08/Traf4_adult_S_DAB_10X_08_cryo.med.jpg, traf4
/rasa3/Rasa3_adult_S_DAB_LJ222_27_20090316-0129_06_12_09/Rasa3_adult_S_DAB_10X_08_cryo.med.jpg, rasa3
/stard5/Stard5_adult_S_DAB_IS65_69_20080124-1204_02_05_08/Stard5_adult_S_DAB_10X_08_cryo.med.jpg, stard5
/pcdh20/Pcdh20_adult_S_DAB_LT86_37_20090521-1145_08_04_09/Pcdh20_adult_S_DAB_10X_08_cryo.med.jpg, pcdh20
/kel/Kel_adult_S_DAB_LX107_75_20100406-0920_05_04_10/Kel_adult_S_DAB_10X_08_cryo.med.jpg, kel
/pcdh17/Pcdh17_adult_S_DAB_MR152_173_20110323-0208/Pcdh17_adult_S_DAB_10X_08_cryo.med.jpg, pcdh17
/a830010m20rik/A830010M20Rik_adult_S_DAB_KJ227_169_CRE_20110324-1/A830010M20Rik_adult_S_DAB_10X_08_cryo.med.jpg, a830010m20rik
/olfm1/Olfm1_adult_S_DAB_IB134_1_20070122-0937_01_26_07/Olfm1_adult_S_DAB_10X_08_cryo.med.jpg, olfm1
/man1a2/Man1a2_adult_S_DAB_RE8-CRE_13_CRE_20110315-0326/Man1a2_adult_S_DAB_10X_08_cryo.med.jpg, man1a2
/notch1/Notch1_adult_S_DAB_NH68_27_20101118-1053/Notch1_adult_S_DAB_10X_08_cryo.med.jpg, notch1
/gls/Gls_adult_S_DAB_IY16_14_20071213-1148_01_18_08/Gls_adult_S_DAB_10X_08_cryo.med.jpg, gls
/amigo2/Amigo2_adult_S_DAB_LW244_21_20090305-1140_06_02_09/Amigo2_adult_S_DAB_10X_08_cryo.med.jpg, amigo2
/amigo1/Amigo1_adult_S_DAB_NP210-CRE_52_CRE_20101215-0927/Amigo1_adult_S_DAB_10X_08_cryo.med.jpg, amigo1
/hes1/Hes1_adult_S_DAB_U62_45_20101118-0155/Hes1_adult_S_DAB_10X_08_cryo.med.jpg, hes1
/ntsr1/Ntsr1_adult_S_DAB_GN220_473_CRE_20110302-1000/Ntsr1_adult_S_DAB_10X_08_cryo.med.jpg, ntsr1
/avil/Avil_adult_S_DAB_QD84_25_20110228-1253/Avil_adult_S_DAB_10X_08_cryo.med.jpg, avil
/gprc5c/Gprc5c_adult_S_DAB_JU90_24_20080206-1055_02_15_08/Gprc5c_adult_S_DAB_10X_08_cryo.med.jpg, gprc5c
/gprc5b/Gprc5b_adult_S_DAB_QN46_6_20110113-0233/Gprc5b_adult_S_DAB_10X_08_cryo.med.jpg, gprc5b
/pld3/Pld3_adult_S_DAB_IJ193_45_20070827-0104_08_29_07/Pld3_adult_S_DAB_10X_08_cryo.med.jpg, pld3
/e2f8/E2f8_adult_S_DAB_GX54_62_20061005-0930_10_13_06/E2f8_adult_S_DAB_10X_08_cryo.med.jpg, e2f8
/crh/Crh_adult_S_DAB_HS57_105_20060728-1213_08_10_06/Crh_adult_S_DAB_10X_08_cryo.med.jpg, crh
/crh/Crh_adult_S_DAB_KN282_118_CRE_20090910-1124/Crh_adult_S_DAB_10X_08_cryo.med.jpg, crh
/gsx2/Gsx2_adult_S_DAB_HY315_218_20090320-1229_06_02_09/Gsx2_adult_S_DAB_10X_08_cryo.med.jpg, gsx2
/gsx1/Gsh1_adult_S_DAB_IL164_58_20080226-1045_02_28_08/Gsh1_adult_S_DAB_10X_08_cryo.med.jpg, gsx1
/wfs1/Wfs1_adult_S_DAB_IJ128_63_20070801-0229_08_23_07/Wfs1_adult_S_DAB_10X_08_cryo.med.jpg, wfs1
/zic5/Zic5_adult_S_DAB_OA66_6_20100429-1127_06_29_10/Zic5_adult_S_DAB_10X_08_cryo.med.jpg, zic5
/casp9/Casp9_adult_S_DAB_JC92_6_20071029-1034_11_29_07/Casp9_adult_S_DAB_10X_08_cryo.med.jpg, casp9
/zic3/Zic3_adult_S_DAB_KM21_5_20080605-1257_06_20_08/Zic3_adult_S_DAB_10X_08_cryo.med.jpg, zic3
/rbp1/Rbp1_adult_S_DAB_MJ72-CRE_248_CRE_20110620-1114/Rbp1_adult_S_DAB_10X_08_cryo.med.jpg, rbp1
/zic2/Zic2_adult_S_DAB_HT146_12_20060823-1251_08_31_06/Zic2_adult_S_DAB_10X_08_cryo.med.jpg, zic2
/3632451o06rik/3632451O06Rik_adult_S_DAB_ND4_26_20100408-1226_05_12_10/3632451O06Rik_adult_S_DAB_10X_08_cryo.med.jpg, 3632451o06rik
/ttyh1/Ttyh1_adult_S_DAB_OB49_10_20100225-1057_04_07_10/Ttyh1_adult_S_DAB_10X_08_cryo.med.jpg, ttyh1
/phip/Phip_adult_S_DAB_LW127_39_20091001-1148_11_03_09/Phip_adult_S_DAB_10X_08_cryo.med.jpg, phip
/npy2r/Npy2r_adult_S_DAB_PL39-TOM_221_20110908-0242/Npy2r_adult_S_DAB_10X_08_cryo.med.jpg, npy2r
/vip/Vip_adult_S_DAB_PH13-CRE_60_CRE_20110210-1051/Vip_adult_S_DAB_10X_08_cryo.med.jpg, vip
/vip/Vip_adult_S_DAB_JN37_68_20080828-0122_23_12_08/Vip_adult_S_DAB_10X_08_cryo.med.jpg, vip
/c1ql3/C1ql3_adult_S_DAB_NT90_47_20101123/C1ql3_adult_S_DAB_10X_08_cryo.med.jpg, c1ql3
/c1ql2/C1ql2_adult_S_DAB_KP107_6_20080604-1253_06_20_08/C1ql2_adult_S_DAB_10X_08_cryo.med.jpg, c1ql2
/vegfa/Vegfa_adult_S_DAB_KR374_200_20090213-1214_03_13_09/Vegfa_adult_S_DAB_10X_08_cryo.med.jpg, vegfa
/frzb/Frzb_adult_S_DAB_MK48_2_20090622-0942_10_07_09/Frzb_adult_S_DAB_10X_08_cryo.med.jpg, frzb
/uchl1/Uchl1_adult_S_DAB_NO63-CRE_7_CRE_20110211-1133/Uchl1_adult_S_DAB_10X_08_cryo.med.jpg, uchl1
/npy1r/Npy1r_adult_S_DAB_RL28-CRE_14_CRE_20110401-0849/Npy1r_adult_S_DAB_10X_08_cryo.med.jpg, npy1r
/npy1r/Npy1r_adult_S_DAB_RL2-CRE_26_CRE_20110616-0953/Npy1r_adult_S_DAB_10X_08_cryo.med.jpg, npy1r
/trpa1/Trpa1_adult_S_DAB_LT325_8_20090611-1146_10_10_09/Trpa1_adult_S_DAB_10X_08_cryo.med.jpg, trpa1
/fryl/Fryl_adult_S_DAB_IF301_129_20081028-1030_10_06_08/Fryl_adult_S_DAB_10X_08_cryo.med.jpg, fryl
/d6wsu116e/D6Wsu116e_adult_S_DAB_NG38_102_20110222-0922/D6Wsu116e_adult_S_DAB_10X_08_cryo.med.jpg, d6wsu116e
/lhx8/Lhx8_adult_S_DAB_MJ80_166_20100614-1241_09_14_10/Lhx8_adult_S_DAB_10X_08_cryo.med.jpg, lhx8
/lhx4/Lhx4_adult_S_DAB_KN199_3_20080718-1125_08_01_08/Lhx4_adult_S_DAB_10X_08_cryo.med.jpg, lhx4
/lhx2/Lhx2_adult_S_DAB_JX13_20_20080502-1143_05_09_08/Lhx2_adult_S_DAB_10X_08_cryo.med.jpg, lhx2
/lhx1/Lhx1_adult_S_DAB_JK147_76_20090305-1139_06_02_09/Lhx1_adult_S_DAB_10X_08_cryo.med.jpg, lhx1
/itgb3/Itgb3_adult_S_DAB_IK58_66_20080618-1200_07_11_08/Itgb3_adult_S_DAB_10X_08_cryo.med.jpg, itgb3
/serpina9/Serpina9_adult_S_DAB_JG5_8_20071206-1137_1_11_08/Serpina9_adult_S_DAB_10X_08_cryo.med.jpg, serpina9
/vax1/Vax1_adult_S_DAB_JH115_51_20080519-0249_05_29_08/Vax1_adult_S_DAB_10X_08_cryo.med.jpg, vax1
/stau1/Stau1_adult_S_DAB_IF119_1_20070223-1225_02_28_07/Stau1_adult_S_DAB_10X_08_cryo.med.jpg, stau1
/krt19/Krt19_adult_S_DAB_KJ47_122_20100712-0108_09_14_10/Krt19_adult_S_DAB_10X_08_cryo.med.jpg, krt19
/st8sia5/St8sia5_adult_S_DAB_MC10_29_20090615-1112_08_04_09/St8sia5_adult_S_DAB_10X_08_cryo.med.jpg, st8sia5
/fam84a/Fam84a_adult_S_DAB_KR114_11_20081117-1247_12_12_08/Fam84a_adult_S_DAB_10X_08_cryo.med.jpg, fam84a
/clu/Clu_adult_S_DAB_OD95_9_20100621-0208_08_18_10/Clu_adult_S_DAB_10X_08_cryo.med.jpg, clu
/gpr88/Gpr88_adult_S_DAB_RX50-CRE_9_CRE_20110517-0913/Gpr88_adult_S_DAB_10X_08_cryo.med.jpg, gpr88
/ankrd34b/Ankrd34b_adult_S_DAB_LY68_3_20090422-0127_06_02_09/Ankrd34b_adult_S_DAB_10X_08_cryo.med.jpg, ankrd34b
/syt2/Syt2_adult_S_DAB_MT17_4_20091016-1240_11_03_09/Syt2_adult_S_DAB_10X_08_cryo.med.jpg, syt2
/ube2n/Ube2n_adult_S_DAB_LW45_27_20090427-1022_06_12_09/Ube2n_adult_S_DAB_10X_08_cryo.med.jpg, ube2n
/gda/Gda_adult_S_DAB_LH56_13_20090227-0911_03_13_09/Gda_adult_S_DAB_10X_08_cryo.med.jpg, gda
/ddit4l/Ddit4l_adult_S_DAB_QS32_27_20110301-0937/Ddit4l_adult_S_DAB_10X_08_cryo.med.jpg, ddit4l
/ppp1r2/Ppp1r2_adult_S_DAB_IX45_46_20080303-1132_04_04_08/Ppp1r2_adult_S_DAB_10X_08_cryo.med.jpg, ppp1r2
/nts/Nts_adult_S_DAB_RH4-CRE_11_CRE_20110324-0231/Nts_adult_S_DAB_10X_08_cryo.med.jpg, nts
/slc10a4/Slc10a4_adult_S_DAB_JX24_15_20080702-0208_07_11_08/Slc10a4_adult_S_DAB_10X_08_cryo.med.jpg, slc10a4
/gck/Gck_adult_S_DAB_NH76_12_20100301-0150_05_26_10/Gck_adult_S_DAB_10X_08_cryo.med.jpg, gck
/bend5/Bend5_adult_S_DAB_NA233_10_20100121-1102_02_03_10/Bend5_adult_S_DAB_10X_08_cryo.med.jpg, bend5
/ppp1r7/Ppp1r7_adult_S_DAB_IH292_35_20080206-0954_02_22_08/Ppp1r7_adult_S_DAB_10X_08_cryo.med.jpg, ppp1r7
/gdnf/Gdnf_adult_S_DAB_KP206_25_20081114-0413_12_12_08/Gdnf_adult_S_DAB_10X_08_cryo.med.jpg, gdnf
/enah/Enah_adult_S_DAB_IH108_19_20070816-0219_08_27_07/Enah_adult_S_DAB_10X_08_cryo.med.jpg, enah
/cables1/Cables1_adult_S_DAB_MA66_22_20091016-1241_11_03_09/Cables1_adult_S_DAB_10X_08_cryo.med.jpg, cables1
/csdc2/Csdc2_adult_S_DAB_NW255_38_20100825-1113_09_23_10/Csdc2_adult_S_DAB_10X_08_cryo.med.jpg, csdc2
/akr1c18/Akr1c18_adult_S_DAB_OY9_33_20100916-1056_10_21_10/Akr1c18_adult_S_DAB_10X_08_cryo.med.jpg, akr1c18
/fgf17/Fgf17_adult_S_DAB_PX38_10_20101022-1144_2011_02_22/Fgf17_adult_S_DAB_10X_08_cryo.med.jpg, fgf17
/fgf13/Fgf13_adult_S_DAB_IA195_86_20061218-0940_01_08_07/Fgf13_adult_S_DAB_10X_08_cryo.med.jpg, fgf13
/efnb3/Efnb3_adult_S_DAB_JZ110_22_20090302-1234_06_02_09/Efnb3_adult_S_DAB_10X_08_cryo.med.jpg, efnb3
/gpr68/Gpr68_adult_S_DAB_IU33_31_20080523-1227_05_29_08/Gpr68_adult_S_DAB_10X_08_cryo.med.jpg, gpr68
/rasal1/Rasal1_adult_S_DAB_IH211_100_20070716-0127_08_16_07/Rasal1_adult_S_DAB_10X_08_cryo.med.jpg, rasal1
/syt7/Syt7_adult_S_DAB_HM197_47_20070831-1151_09_14_07/Syt7_adult_S_DAB_10X_08_cryo.med.jpg, syt7
/nsf/Nsf_adult_S_DAB_IL288_64_20080201-1152_02_15_08/Nsf_adult_S_DAB_10X_08_cryo.med.jpg, nsf
/map2k6/Map2k6_adult_S_DAB_HO27_16_20060726-0301_08_04_06/Map2k6_adult_S_DAB_10X_08_cryo.med.jpg, map2k6
/efna1/Efna1_adult_S_DAB_IM260_21_20070905-0942_09_14_07/Efna1_adult_S_DAB_10X_08_cryo.med.jpg, efna1
/syt6/Syt6_adult_S_DAB_KI148_49_CRE_20090424-1237_05_05_10/Syt6_adult_S_DAB_10X_08_cryo.med.jpg, syt6
/syt6/Syt6_adult_S_DAB_KI109_173_CRE_20110412-1036/Syt6_adult_S_DAB_10X_08_cryo.med.jpg, syt6
/fam81a/6430514L14Rik_adult_S_DAB_HT95_52_20061114-0944_11_16_06/6430514L14Rik_adult_S_DAB_10X_08_cryo.med.jpg, fam81a
/af529169/AF529169_adult_S_DAB_KR488_14_20081017-0916_10_24_08/AF529169_adult_S_DAB_10X_08_cryo.med.jpg, af529169
/gal/Gal_adult_S_DAB_HX109_18_20060927-1003_10_06_06/Gal_adult_S_DAB_10X_08_cryo.med.jpg, gal
/gal/Gal_adult_S_DAB_KI87_94_CRE_20111116-0920/Gal_adult_S_DAB_10X_08_cryo.med.jpg, gal
/hap1/Hap1_adult_S_DAB_RE55-CRE_32_CRE_20110210-1050/Hap1_adult_S_DAB_10X_08_cryo.med.jpg, hap1
/hap1/Hap1_adult_S_DAB_HD56_06_15_06/Hap1_adult_S_DAB_10X_08_cryo.med.jpg, hap1
/syt3/Syt3_adult_S_DAB_HT62_32_20070105-1115_01_19_07/Syt3_adult_S_DAB_10X_08_cryo.med.jpg, syt3
/cic/Cic_adult_S_DAB_KP260_16_20080815-1213_09_12_08/Cic_adult_S_DAB_10X_08_cryo.med.jpg, cic
/prox1/Prox1_adult_S_DAB_KY221_158_20081126-1108_23_12_08/Prox1_adult_S_DAB_10X_08_cryo.med.jpg, prox1
/fzd8/Fzd8_adult_S_DAB_IJ166_3_20070921-0157_09_27_07/Fzd8_adult_S_DAB_10X_08_cryo.med.jpg, fzd8
/fzd5/Fzd5_adult_S_DAB_LK279_49_20100319-1029_05_26_10/Fzd5_adult_S_DAB_10X_08_cryo.med.jpg, fzd5
/fzd3/Fzd3_adult_S_DAB_KH6_7_20080829-1201_10_02_08/Fzd3_adult_S_DAB_10X_08_cryo.med.jpg, fzd3
/fzd2/Fzd2_adult_S_DAB_IJ90_8_20070611-0956_07_11_07/Fzd2_adult_S_DAB_10X_08_cryo.med.jpg, fzd2
/npy/Npy_adult_S_DAB_RH28-CRE_31_CRE_20110513-0216/Npy_adult_S_DAB_10X_08_cryo.med.jpg, npy
/npy/Npy_adult_S_DAB_RH26-CRE_8_CRE_20110325-0935/Npy_adult_S_DAB_10X_08_cryo.med.jpg, npy
/numb/Numb_adult_S_DAB_JL166_66_20080129-1213_02_01_08/Numb_adult_S_DAB_10X_08_cryo.med.jpg, numb
/abcb6/Abcb6_adult_S_DAB_QL20_30_20110223-1221/Abcb6_adult_S_DAB_10X_08_cryo.med.jpg, abcb6
/doc2g/Doc2g_adult_S_DAB_QC79_32_20101117-1015/Doc2g_adult_S_DAB_10X_08_cryo.med.jpg, doc2g
/homer3/Homer3_adult_S_DAB_OH81_15_20100930-1102_11_01_10/Homer3_adult_S_DAB_10X_08_cryo.med.jpg, homer3
/homer1/Homer1_adult_S_DAB_LS179_30_20090317-1005_06_12_09/Homer1_adult_S_DAB_10X_08_cryo.med.jpg, homer1
/doc2a/Doc2a_adult_S_DAB_IK151_13_20080825-1256_09_12_08/Doc2a_adult_S_DAB_10X_08_cryo.med.jpg, doc2a
/gpr30/Gper_adult_S_DAB_LC357_14_20090213-1214_03_13_09/Gper_adult_S_DAB_10X_08_cryo.med.jpg, gpr30
/nov/Nov_adult_S_DAB_JE105_5_20080124-1203_02_22_08/Nov_adult_S_DAB_10X_08_cryo.med.jpg, nov
/slc39a6/Slc39a6_adult_S_DAB_QE75_7_20101117-1016/Slc39a6_adult_S_DAB_10X_08_cryo.med.jpg, slc39a6
/rcan2/Rcan2_adult_S_DAB_ON50-CRE_100_CRE_20110412-1033/Rcan2_adult_S_DAB_10X_08_cryo.med.jpg, rcan2
/gpr27/Gpr27_adult_S_DAB_IL370_9_20071017-1007_11_09_07/Gpr27_adult_S_DAB_10X_08_cryo.med.jpg, gpr27
/gpr26/Gpr26_adult_S_DAB_QX19_21_20110228-0111/Gpr26_adult_S_DAB_10X_08_cryo.med.jpg, gpr26
/gpr26/Gpr26_adult_S_DAB_KO269_89_CRE_20110327-1150/Gpr26_adult_S_DAB_10X_08_cryo.med.jpg, gpr26
/nog/Nog_adult_S_DAB_JG92_30_20080724-1150_08_21_08/Nog_adult_S_DAB_10X_08_cryo.med.jpg, nog
/sirt2/Sirt2_adult_S_DAB_GK6_105_20060607-1026_O6_26_06/Sirt2_adult_S_DAB_10X_08_cryo.med.jpg, sirt2
/fbxo32/Fbxo32_adult_S_DAB_IM138_108_20080908-1215_09_19_08/Fbxo32_adult_S_DAB_10X_08_cryo.med.jpg, fbxo32
/nfix/Nfix_adult_S_DAB_MP17_18_20090522-1112_09_25_09/Nfix_adult_S_DAB_10X_08_cryo.med.jpg, nfix
/cplx3/Cplx3_adult_S_DAB_JO104_100_20080822-1113_09_12_08/Cplx3_adult_S_DAB_10X_08_cryo.med.jpg, cplx3
/gpr12/Gpr12_adult_S_DAB_LD58_44_20090224-0930_06_12_09/Gpr12_adult_S_DAB_10X_08_cryo.med.jpg, gpr12
/cbln4/Cbln4_adult_S_DAB_IG145_89_20080312-1205_04_18_08/Cbln4_adult_S_DAB_10X_08_cryo.med.jpg, cbln4
/cbln2/Cbln2_adult_S_DAB_IF387_81_20080702-0210_07_25_08/Cbln2_adult_S_DAB_10X_08_cryo.med.jpg, cbln2
/cbln1/Cbln1_adult_S_DAB_JD6_2_20071105-1253_11_15_07/Cbln1_adult_S_DAB_10X_08_cryo.med.jpg, cbln1
/vat1/Vat1_adult_S_DAB_NU129_78_20101209-1055/Vat1_adult_S_DAB_10X_08_cryo.med.jpg, vat1
/tspan14/Tspan14_adult_S_DAB_IB44_19_20070820-0949_08_24_07/Tspan14_adult_S_DAB_10X_08_cryo.med.jpg, tspan14
/rel/Rel_adult_S_DAB_KH57_20_20080605-1256_07_25_08/Rel_adult_S_DAB_10X_08_cryo.med.jpg, rel
/nmu/Nmu_adult_S_DAB_RJ32-CRE_18_CRE_20110520-1046/Nmu_adult_S_DAB_10X_08_cryo.med.jpg, nmu
/jup/Jup_adult_S_DAB_LT242_82_20090513-0238_08_19_09/Jup_adult_S_DAB_10X_08_cryo.med.jpg, jup
/nmb/Nmb_adult_S_DAB_IT50_59_20080129-1212_02_01_08/Nmb_adult_S_DAB_10X_08_cryo.med.jpg, nmb
/fgf3/Fgf3_adult_S_DAB_LM102_71_20101216/Fgf3_adult_S_DAB_10X_08_cryo.med.jpg, fgf3
/fgf1/Fgf1_adult_S_DAB_IT31_73_20081028-1031_11_14_08/Fgf1_adult_S_DAB_10X_08_cryo.med.jpg, fgf1
/hcrtr1/Hcrtr1_adult_S_DAB_KP68_26_20081020-1221_10_24_08/Hcrtr1_adult_S_DAB_10X_08_cryo.med.jpg, hcrtr1
/1810041l15rik/1810041L15Rik_adult_S_DAB_LB302_19_20081204-1157_01_16_08/1810041L15Rik_adult_S_DAB_10X_08_cryo.med.jpg, 1810041l15rik
/camk1g/Camk1g_adult_S_DAB_LB111_7_20081117-1247_12_12_08/Camk1g_adult_S_DAB_10X_08_cryo.med.jpg, camk1g
/snca/Snca_adult_S_DAB_PD20_46_20110223-1221/Snca_adult_S_DAB_10X_08_cryo.med.jpg, snca
/chn2/Chn2_adult_S_DAB_JC77_159_20081208-1243_01_16_08/Chn2_adult_S_DAB_10X_08_cryo.med.jpg, chn2
/thrsp/Thrsp_adult_S_DAB_HS276_39_20070827-1254_08_29_07/Thrsp_adult_S_DAB_10X_08_cryo.med.jpg, thrsp
/5730494n06rik/5730494N06Rik_adult_S_DAB_KX255_75_20090911-1129_10_28_09/5730494N06Rik_adult_S_DAB_10X_08_cryo.med.jpg, 5730494n06rik
/hmgn2/Hmgn2_adult_S_DAB_IG2_5_20070608-1019_07_11_07/Hmgn2_adult_S_DAB_10X_08_cryo.med.jpg, hmgn2
/polr1d/Rpo1-3_adult_S_DAB_HT174_33_20070222-0105_02_26_07/Rpo1-3_adult_S_DAB_10X_08_cryo.med.jpg, polr1d
/fam40b/Fam40b_adult_S_DAB_JH84_29_20090618-1024_09_25_09/Fam40b_adult_S_DAB_10X_08_cryo.med.jpg, fam40b
/rax/Rax_adult_S_DAB_NL44-CRE_39_CRE_20101007-1141/Rax_adult_S_DAB_10X_08_cryo.med.jpg, rax
/rax/Rax_adult_S_DAB_JH25_50_20080415-1216_04_25_08/Rax_adult_S_DAB_10X_08_cryo.med.jpg, rax
/anxa4/Anxa4_adult_S_DAB_ME72_14_20090617-0907_09_18_09/Anxa4_adult_S_DAB_10X_08_cryo.med.jpg, anxa4
/anxa2/Anxa2_adult_S_DAB_JY66_82_20080818-1224_08_21_08/Anxa2_adult_S_DAB_10X_08_cryo.med.jpg, anxa2
/rap1a/Rap1a_adult_S_DAB_IM69_54_20080303-1132_04_18_08/Rap1a_adult_S_DAB_10X_08_cryo.med.jpg, rap1a
/cntnap1/Cntnap1_adult_S_DAB_KU118_26_20081110-1247_12_12_08/Cntnap1_adult_S_DAB_10X_08_cryo.med.jpg, cntnap1
/ier3ip1/Ier3ip1_adult_S_DAB_PS62_13_20101013-0924_11_01_10/Ier3ip1_adult_S_DAB_10X_08_cryo.med.jpg, ier3ip1
/gucy2c/Gucy2c_adult_S_DAB_JX44_14_20080201-1202_02_22_08/Gucy2c_adult_S_DAB_10X_08_cryo.med.jpg, gucy2c
/cst3/Cst3_adult_S_DAB_PE159_5_20100910-0923_01_04_10/Cst3_adult_S_DAB_10X_08_cryo.med.jpg, cst3
/mapt/Mapt_adult_S_DAB_JD123_61_20080226-1045_02_28_08/Mapt_adult_S_DAB_10X_08_cryo.med.jpg, mapt
/gtf2i/Gtf2i_adult_S_DAB_IH6_63_20080527-1155_06_06_08/Gtf2i_adult_S_DAB_10X_08_cryo.med.jpg, gtf2i
/hspb8/Hspb8_ADULT_S_DAB_10X_cryo_HI62_05_24_06/Hspb8_adult_S_DAB_10X_08_cryo.med.jpg, hspb8
/hoxa5/Hoxa5_adult_S_DAB_IX16_72_20080303-1136_04_25_08/Hoxa5_adult_S_DAB_10X_08_cryo.med.jpg, hoxa5
/nbl1/Nbl1_adult_S_DAB_NY104_47_20110112-1143/Nbl1_adult_S_DAB_10X_08_cryo.med.jpg, nbl1
/pogz/Pogz_adult_S_DAB_JO49_102_20090504-1204_08_04_09/Pogz_adult_S_DAB_10X_08_cryo.med.jpg, pogz
/ngf/Ngfb_adult_S_DAB_KI30_22_20080605-1257_06_20_08/Ngfb_adult_S_DAB_10X_08_cryo.med.jpg, ngf
/st3gal1/St3gal1_adult_S_DAB_PF42_37_20110201-0227/St3gal1_adult_S_DAB_10X_08_cryo.med.jpg, st3gal1
/gabrr3/Gabrr3_adult_S_DAB_SU30-CRE_172_CRE_20111007-1249/Gabrr3_adult_S_DAB_10X_08_cryo.med.jpg, gabrr3
/wnt8b/Wnt8b_adult_S_DAB_MK68_13_20100121-1103_02_03_10/Wnt8b_adult_S_DAB_10X_08_cryo.med.jpg, wnt8b
/prom1/Prom1_adult_S_DAB_HV253_39_20061129-1043_11_30_06/Prom1_adult_S_DAB_10X_08_cryo.med.jpg, prom1
/maob/Maob_adult_S_DAB_LU221_89_20100910-0914_10_15_10/Maob_adult_S_DAB_10X_08_cryo.med.jpg, maob
/ppp1cc/Ppp1cc_adult_S_DAB_KR429_98_20090423-1050_10_28_09/Ppp1cc_adult_S_DAB_10X_08_cryo.med.jpg, ppp1cc
/col18a1/Col18a1_adult_S_DAB_IH439_33_20070601-1052_07_03_07/Col18a1_adult_S_DAB_10X_08_cryo.med.jpg, col18a1
/enpp2/Enpp2_adult_S_DAB_OR56_21_20100910-1010/Enpp2_adult_S_DAB_10X_08_cryo.med.jpg, enpp2
/ppp1r17/Ppp1r17_adult_S_DAB_NL146-CRE_98_CRE_20110909-1043/Ppp1r17_adult_S_DAB_10X_08_cryo.med.jpg, ppp1r17
/arhgef6/Arhgef6_adult_S_DAB_NL189-CRE_2_CRE_20100426-1111/Arhgef6_adult_S_DAB_10X_08_cryo.med.jpg, arhgef6
/rerg/Rerg_adult_S_DAB_NW35_48_20100809-0230_09_14_10/Rerg_adult_S_DAB_10X_08_cryo.med.jpg, rerg
/nr5a1/Nr5a1_adult_S_DAB_SB4-CRE_23_CRE_20110603-0928/Nr5a1_adult_S_DAB_10X_08_cryo.med.jpg, nr5a1
/nr5a1/Nr5a1_adult_S_DAB_NB184_220_20100624-1110_09_14_10/Nr5a1_adult_S_DAB_10X_08_cryo.med.jpg, nr5a1
/nr5a1/Nr5a1_adult_S_DAB_SB15-CRE_36_CRE_20110628-0345/Nr5a1_adult_S_DAB_10X_08_cryo.med.jpg, nr5a1
/mpp3/Mpp3_adult_S_DAB_NK183_26_20101208-1053/Mpp3_adult_S_DAB_10X_08_cryo.med.jpg, mpp3
/sun2/Unc84b_adult_S_DAB_KP55_15_20081208-1245_01_16_08/Unc84b_adult_S_DAB_10X_08_cryo.med.jpg, sun2
/prickle1/Prickle1_adult_S_DAB_QH59_60_20110224-0242/Prickle1_adult_S_DAB_10X_08_cryo.med.jpg, prickle1
/wnt5a/Wnt5a_adult_S_DAB_ML10-CRE_57_CRE_20101008-0936/Wnt5a_adult_S_DAB_10X_08_cryo.med.jpg, wnt5a
/wnt5a/Wnt5a_adult_S_DAB_ML21-CRE_141_CRE_20110426-0423/Wnt5a_adult_S_DAB_10X_08_cryo.med.jpg, wnt5a
/slc17a8/Slc17a8_adult_S_DAB_LM32_66_20090226-1240_03_13_09/Slc17a8_adult_S_DAB_10X_08_cryo.med.jpg, slc17a8
/slc17a7/Slc17a7_adult_S_DAB_HU9_111_20080227-1158_02_29_08/Slc17a7_adult_S_DAB_10X_08_cryo.med.jpg, slc17a7
/slc17a6/Slc17a6_adult_S_DAB_OX30-CRE_90_CRE_20110330-0340/Slc17a6_adult_S_DAB_10X_08_cryo.med.jpg, slc17a6
/slc17a6/Slc17a6_adult_S_DAB_OX23-CRE_130_CRE_20110527-0852/Slc17a6_adult_S_DAB_10X_08_cryo.med.jpg, slc17a6
/dyx1c1/Dyx1c1_adult_S_DAB_JC106_80_20081202-1007_23_12_08/Dyx1c1_adult_S_DAB_10X_08_cryo.med.jpg, dyx1c1
/htr5a/Htr5a_adult_S_DAB_NK60_195_20101028-1109/Htr5a_adult_S_DAB_10X_08_cryo.med.jpg, htr5a
/cyb561/Cyb561_adult_S_DAB_JI88_21_20080225-1120_02_27_08/Cyb561_adult_S_DAB_10X_08_cryo.med.jpg, cyb561
/trappc3/Trappc3_adult_S_DAB_LR1_15_20090219-1212_03_23_09/Trappc3_adult_S_DAB_10X_08_cryo.med.jpg, trappc3
/mycbp/Mycbp_adult_S_DAB_LD200_36_20090219-1216_06_02_09/Mycbp_adult_S_DAB_10X_08_cryo.med.jpg, mycbp
/dlx6/Dlx6_adult_S_DAB_HX45_32_20060925-1124_09_29_06/Dlx6_adult_S_DAB_10X_08_cryo.med.jpg, dlx6
/dlx3/Dlx3_adult_S_DAB_NH112_6_20100310-1207_07_12_10/Dlx3_adult_S_DAB_10X_08_cryo.med.jpg, dlx3
/dlx2/Dlx2_adult_S_DAB_HS66_3_20060921-0122_09_29_06/Dlx2_adult_S_DAB_10X_08_cryo.med.jpg, dlx2
/dlx2/Dlx2_adult_S_DAB_RT20-CRE_29_CRE_20110316-1229/Dlx2_adult_S_DAB_10X_08_cryo.med.jpg, dlx2
/dlx2/Dlx2_adult_S_DAB_RB47-CRE_8_CRE_20110120-0943/Dlx2_adult_S_DAB_10X_08_cryo.med.jpg, dlx2
/dlx1/Dlx1_adult_S_DAB_TB85-TOM_2_20111221-0905/Dlx1_adult_S_DAB_10X_08_cryo.med.jpg, dlx1
/dlx1/Dlx1_adult_S_DAB_RB27-CRE_39_CRE_20110315-0323/Dlx1_adult_S_DAB_10X_08_cryo.med.jpg, dlx1
/tor1b/Tor1b_adult_S_DAB_IK176_97_20080429-0252_05_09_08/Tor1b_adult_S_DAB_10X_08_cryo.med.jpg, tor1b
/med4/Med4_adult_S_DAB_LD241_115_20110113-1212/Med4_adult_S_DAB_10X_08_cryo.med.jpg, med4
/accn4/Accn4_adult_S_DAB_PD91_9_20101004-0928_01_04_10/Accn4_adult_S_DAB_10X_08_cryo.med.jpg, accn4
/chd7/Chd7_adult_S_DAB_IE59_14_20070514-1009_06_01_07/Chd7_adult_S_DAB_10X_08_cryo.med.jpg, chd7
/wnt2b/Wnt2b_adult_S_DAB_JZ94_39_20080619-1111_07_11_08/Wnt2b_adult_S_DAB_10X_08_cryo.med.jpg, wnt2b
/wasf1/Wasf1_adult_S_DAB_JE69_37_20081203-1047_01_23_09/Wasf1_adult_S_DAB_10X_08_cryo.med.jpg, wasf1
/ier5/Ier5_adult_S_DAB_IG267_9_20070614-0903_07_21_07/Ier5_adult_S_DAB_10X_08_cryo.med.jpg, ier5
/1700054n08rik/1700054N08Rik_adult_S_DAB_LB209_19_20081105-1204_12_12_08/1700054N08Rik_adult_S_DAB_10X_08_cryo.med.jpg, 1700054n08rik
/nr1d1/Nr1d1_adult_S_DAB_QY9_6_20110315-0916/Nr1d1_adult_S_DAB_10X_08_cryo.med.jpg, nr1d1
/chat/Chat_adult_S_DAB_GM53_227_CRE_20101105-1030/Chat_adult_S_DAB_10X_08_cryo.med.jpg, chat
/chat/Chat_adult_S_DAB_GM53_54_CRE_20100324-1142/Chat_adult_S_DAB_10X_08_cryo.med.jpg, chat
/chat/Chat_adult_S_DAB_GM60_20_CRE_20090318-0141_06_30_09/Chat_adult_S_DAB_10X_08_cryo.med.jpg, chat
/chat/Chat_adult_S_DAB_GM60_137_CRE_20100528-1038/Chat_adult_S_DAB_10X_08_cryo.med.jpg, chat
/cort/Cort_adult_S_DAB_IM42_11_CRE_20090409-1228_06_02_09/Cort_adult_S_DAB_10X_08_cryo.med.jpg, cort
/pde1c/Pde1c_adult_S_DAB_IT146_9_CRE_20090331-0109_06_02_09/Pde1c_adult_S_DAB_10X_08_cryo.med.jpg, pde1c
/zbtb20/Zbtb20_adult_S_DAB_HZ275_6_20070112-1218_01_26_07/Zbtb20_adult_S_DAB_10X_08_cryo.med.jpg, zbtb20
/pde1b/Pde1b_adult_S_DAB_OZ114-CRE_175_CRE_20110414-0937/Pde1b_adult_S_DAB_10X_08_cryo.med.jpg, pde1b
/col6a1/Col6a1_adult_S_DAB_JB13_187_20080821-1204_09_26_08/Col6a1_adult_S_DAB_10X_08_cryo.med.jpg, col6a1
/9930013l23rik/9930013L23Rik_adult_S_DAB_KO123_66_20090325-1236_08_19_09/9930013L23Rik_adult_S_DAB_10X_08_cryo.med.jpg, 9930013l23rik
/emp1/Emp1_adult_S_DAB_HY140_21_20061120-0200_11_30_06/Emp1_adult_S_DAB_10X_08_cryo.med.jpg, emp1
/fos/Fos_adult_S_DAB_KR563_165_20090508-1148_12_03_09/Fos_adult_S_DAB_10X_08_cryo.med.jpg, fos
/rif1/Rif1_adult_S_DAB_KC17_34_20080423-1218_05_09_08/Rif1_adult_S_DAB_10X_08_cryo.med.jpg, rif1
/nrip3/Nrip3_adult_S_DAB_KY32_20_20081114-0958_12_12_08/Nrip3_adult_S_DAB_10X_08_cryo.med.jpg, nrip3
/dynll1/Dynll1_adult_S_DAB_HM279_48_20060922-1247_09_29_06/Dynll1_adult_S_DAB_10X_08_cryo.med.jpg, dynll1
/htr1a/Htr1a_adult_S_DAB_IE193_2_20070523-1103_05_31_07/Htr1a_adult_S_DAB_10X_08_cryo.med.jpg, htr1a
/ebf2/Ebf2_adult_S_DAB_NP183-CRE_24_CRE_20110314-0915/Ebf2_adult_S_DAB_10X_08_cryo.med.jpg, ebf2
/ebf3/Ebf3_adult_S_DAB_LP183_44_20090911-1130_10_28_09/Ebf3_adult_S_DAB_10X_08_cryo.med.jpg, ebf3
/rtn4/Rtn4_adult_S_DAB_LW4_111_20091111-0143_01_06_09/Rtn4_adult_S_DAB_10X_08_cryo.med.jpg, rtn4
/olig3/Olig3_adult_S_DAB_QC108_31_20101209-1054/Olig3_adult_S_DAB_10X_08_cryo.med.jpg, olig3
/trhr/Trhr_adult_S_DAB_HU193_29_20061103-0146_11_10_06/Trhr_adult_S_DAB_10X_08_cryo.med.jpg, trhr
/cdh9/Cdh9_adult_S_DAB_LN14_6_20090316-0129_06_12_09/Cdh9_adult_S_DAB_10X_08_cryo.med.jpg, cdh9
/cdh6/Cdh6_adult_S_DAB_LB155_58_20090206-1133_06_02_09/Cdh6_adult_S_DAB_10X_08_cryo.med.jpg, cdh6
/ndel1/Ndel1_adult_S_DAB_HK143_25_20081120-0119_12_12_08/Ndel1_adult_S_DAB_10X_08_cryo.med.jpg, ndel1
/klhl23/Klhl23_adult_S_DAB_MF30_94_20090728-1023_10_07_09/Klhl23_adult_S_DAB_10X_08_cryo.med.jpg, klhl23
/rarb/Rarb_adult_S_DAB_IT82_56_20080305-0953_05_09_08/Rarb_adult_S_DAB_10X_08_cryo.med.jpg, rarb
/pus10/Pus10_adult_S_DAB_JU62_57_20081003-1233_11_19_08/Pus10_adult_S_DAB_10X_08_cryo.med.jpg, pus10
